,global_x,global_y,global_z,delta_s,total_s,has_anchor,depth,k_yy,k_zy,k_yz,k_zz
1000,99.96901403858101,2.490003594837617,-31.24471224588342,0.1000077038556831,100.00776587831542,True,45.0,,,,
2000,199.93852407859595,4.960013333300594,-32.47943448391743,0.10000758051859318,200.015407918325,True,45.0,,,,
3000,299.90852612125855,7.410029116494115,-33.70416655333247,0.1000074581683536,300.02292711582754,True,45.0,,,,
4000,399.8790161677716,9.840050846512895,-34.91890829522163,0.10000733681943297,400.0303244667102,True,-10.0,,,,
5000,499.84999021931253,12.25007842615014,-36.12365955137648,0.10000721646538233,500.0376009669101,True,-10.0,,,,
6000,599.8214442770404,14.640111759013962,-37.31842016521841,0.10000709711170654,600.0447576124376,True,-23.0,,,,
7000,699.7933743420926,17.010150749527384,-38.503189981449395,0.10000697875073819,700.0517953993658,True,-23.0,,,,
8000,799.7657764155956,19.36019530275371,-39.67796884593554,0.10000686138386365,800.0587153238353,True,-23.0,,,,
9000,899.7386464986503,21.690245324803982,-40.842756606056355,0.1000067450166052,900.0655183820581,True,-23.0,,,,
10000,999.7119805923357,24.00030072242953,-41.99755311012268,0.10000662964177252,1000.0722055702884,True,-23.0,,,,
11000,1099.685774697724,26.290361403371207,-43.14235820819158,0.10000651526926915,1100.078777884878,True,-28.0,,,,
12000,1199.6600248158556,28.560427275835536,-44.277171751484275,0.10000640188747831,1200.0852363222086,True,-28.0,,,,
13000,1299.6347269477646,30.810498248960357,-45.4019935921533,0.1000062895037981,1300.0915818787432,True,-28.0,,,,
14000,1399.6098770944573,33.04057423298946,-46.51682358409744,0.1000061781167735,1400.0978155510063,True,-43.0,4000.4468282323787,0.0,0.0,8000.893656464759
14999,1499.4854954423117,35.248455045279115,-47.620561735588126,0.10000606784007705,1500.003932267856,True,-43.0,4095.368309260579,0.0,0.0,8190.736618521158
15999,1599.4615291835162,37.43856077932287,-48.71541758882813,0.10000595844559167,1600.009945270776,True,-43.0,4189.5259126392175,0.0,0.0,8379.051825278439
16999,1699.437998946427,39.608671258960385,-49.80028116249014,0.10000585004784517,1700.01584937836,True,-43.0,4282.824179974152,0.0,0.0,8565.648359948304
17999,1799.4149007319866,41.75878639752045,-50.87515231559519,0.10000574264561288,1800.0216455873674,True,-52.0,5291.015840821898,0.0,0.0,10582.031681643799
18999,1899.392230541116,43.888906108855736,-51.940030908444896,0.10000563624076961,1900.0273348946191,True,-52.0,5401.763214478271,0.0,0.0,10803.52642895654
19999,1999.3699843747218,45.99903030792484,-52.994916802388616,0.10000553083581694,2000.0329182970065,True,-52.0,5511.471347448416,0.0,0.0,11022.942694896832
20999,2099.34815823369,48.089158910210244,-54.03980986040551,0.10000542642347326,2100.038396791458,True,-52.0,5620.140225482175,0.0,0.0,11240.280450964348
21999,2199.326748118896,50.159291832125746,-55.074709946638905,0.100005323013503,2200.043771374987,True,-60.0,6608.965193596667,0.0,0.0,13217.930387193339
22999,2299.3057500311897,52.20942899084184,-56.09961692651268,0.10000522059509341,2300.0490430446353,True,-60.0,6731.95403118152,0.0,0.0,13463.908062363043
23999,2399.285159971414,54.23957030440215,-57.1145306667313,0.10000511917788883,2400.0542127975195,True,-60.0,6853.743680007756,0.0,0.0,13707.487360015512
24999,2499.2649739403896,56.24971569154877,-58.119451035396196,0.10000501875602268,2500.059281630813,True,-66.0,7671.767536672298,0.0,0.0,15343.535073344596
25999,2599.245187938919,58.23986507207155,-59.114377901889384,0.10000491933338888,2600.0642505417286,True,-66.0,7803.097883049397,0.0,0.0,15606.195766098797
26999,2699.225797967796,60.21001836610958,-60.09931113664061,0.10000482090570345,2700.0691205275393,True,-66.0,7933.10907003656,0.0,0.0,15866.21814007312
27999,2799.2068000277923,62.16017549490789,-61.074250611825846,0.10000472347517522,2800.073892585597,True,-66.0,8061.801080761012,0.0,0.0,16123.602161522023
28999,2899.1881901196684,64.09033638052642,-62.0391962005524,0.10000462704183032,2900.0785677132776,True,-71.0,8809.56586047844,0.0,0.0,17619.13172095688
29999,2999.1699642441654,66.00050094584003,-62.99414777744096,0.10000453161154424,3000.083146908018,True,-71.0,8945.168984396616,0.0,0.0,17890.337968793232
30999,3099.152118402013,67.89066911424743,-63.93910521827638,0.1000044371722523,3100.0876311673246,True,-71.0,9079.352940995246,0.0,0.0,18158.705881990492
31999,3199.134648593921,69.76084081025328,-64.87406840012409,0.10000434373135342,3200.092021488734,True,-76.0,9860.858396818861,0.0,0.0,19721.716793637723
32999,3299.117550820589,71.61101595900254,-65.79903720167931,0.10000425129140646,3300.096318869838,True,-76.0,10001.453654655255,0.0,0.0,20002.90730931051
33998,3399.000837629932,73.43937429628568,-66.71310152043588,0.10000415993745475,3400.0005201484496,True,-76.0,10140.39143110625,0.0,0.0,20280.78286221251
34998,3498.9844715661093,75.24957612616709,-67.61809119617101,0.10000406948984127,3500.0046347323987,True,-76.0,10277.94986181799,0.0,0.0,20555.899723635983
35998,3598.9684655430465,77.0397811892326,-68.51308613480069,0.10000398003705065,3600.00865936814,True,-76.0,10413.989092489704,0.0,0.0,20827.97818497941
36998,3698.952815561388,78.8099894138868,-69.39808621979319,0.10000389158691589,3700.012595053472,True,-77.0,10687.305277848147,0.0,0.0,21374.610555696298
37998,3798.937517621749,80.56020072934916,-70.27309133613016,0.10000380413348217,3800.016442786243,True,-77.0,10822.056065764045,0.0,0.0,21644.11213152809
38998,3898.922567724747,82.2904150657123,-71.13810137007385,0.10000371767938124,3900.020203564354,True,-77.0,10955.267610991374,0.0,0.0,21910.535221982747
39998,3998.9079618709748,84.00063235347625,-71.99311620905064,0.10000363221720866,4000.0238783857276,True,-86.0,12382.81598795671,0.0,0.0,24765.63197591342
40998,4098.893696061015,85.69085252453806,-72.83813574211672,0.10000354775461476,4100.027468248389,True,-86.0,12528.159347644076,0.0,0.0,25056.31869528815
41998,4198.87976629544,87.36107551120222,-73.67315985925961,0.10000346429411856,4200.030974150348,True,-86.0,12671.78349579265,0.0,0.0,25343.566991585307
42998,4298.866168574805,89.01130124652991,-74.49818845186383,0.10000338183119542,4300.034397089711,True,-86.0,12813.688413720574,0.0,0.0,25627.376827441156
43998,4398.852898899648,90.64152966468828,-75.31322141282726,0.10000330036429744,4400.037738064572,True,-86.0,12953.874083006289,0.0,0.0,25907.748166012578
44998,4498.839953270504,92.25176070031011,-76.11825863609556,0.10000321989869881,4500.040998073131,True,-90.0,13701.286554497201,0.0,0.0,27402.573108994402
45998,4598.827327687884,93.84199428919237,-76.91330001701135,0.10000314042908869,4600.044178113589,True,-90.0,13844.394003062043,0.0,0.0,27688.788006124087
46998,4698.8150181522915,95.41223036753945,-77.69834545219783,0.10000306195634417,4700.0472791842185,True,-101.0,15695.065781343957,0.0,0.0,31390.131562687922
47998,4798.803020664224,96.9624688726035,-78.47339483955875,0.10000298448506867,4800.050302283327,True,-101.0,15851.625757590868,0.0,0.0,31703.251515181735
48998,4898.791331224152,98.49270974233514,-79.23844807851128,0.10000290800984088,4900.053248409269,True,-101.0,16006.166511859275,0.0,0.0,32012.33302371856
49998,4998.779945832545,100.00295291561633,-79.99350506940391,0.10000283253342436,5000.056118560429,True,-101.0,16158.68802401959,0.0,0.0,32317.37604803918
50998,5098.768860489859,101.49319833196932,-80.7385657139821,0.10000275805681227,5100.058913735234,True,-101.0,16309.19027422438,0.0,0.0,32618.380548448768
51998,5198.758071196533,102.96344593178947,-81.47362991573755,0.10000268457710972,5200.061634932155,True,-103.0,16783.567762641935,0.0,0.0,33567.13552528387
52998,5298.747573952996,104.41369565634523,-82.19869757874403,0.10000261209817064,5300.064283149721,True,-103.0,16932.93170122127,0.0,0.0,33865.86340244254
53998,5398.73736475967,105.84394744748715,-82.91376860882156,0.10000254061461095,5400.066859386475,True,-110.0,18241.029093940742,0.0,0.0,36482.058187881485
54998,5498.727439616958,107.25420124811353,-83.61884291318711,0.10000247013086119,5500.069364641001,True,-110.0,18396.145440901164,0.0,0.0,36792.29088180233
55998,5598.717794525259,108.64445700170472,-84.313920399989,0.10000240064703071,5600.07179991196,True,-110.0,18549.06248799758,0.0,0.0,37098.12497599516
56998,5698.708425484954,110.01471465278883,-84.99900097900536,0.10000233216213103,5700.074166198007,True,-110.0,18699.78021538118,0.0,0.0,37399.56043076236
57998,5798.6993284964165,111.36497414653422,-85.67408456094563,0.10000226467174855,5800.076464497862,True,-110.0,18848.29860340804,0.0,0.0,37696.59720681608
58998,5898.690499560013,112.69523542880779,-86.33917105826549,0.10000219818683544,5900.078695810282,True,-110.0,18994.6176328184,0.0,0.0,37989.23526563682
59998,5998.68193467609,114.00549844646594,-86.99426038435195,0.10000213269197186,6000.080861134022,True,-110.0,19138.73728455743,0.0,0.0,38277.47456911486
60998,6098.673629844991,115.29576314723818,-87.63935245422181,0.10000206820398407,6100.082961467913,True,-125.0,21909.838113555452,0.0,0.0,43819.676227110904
61998,6198.665581067049,116.56602947920328,-88.27444718382321,0.10000200471403572,6200.084997810807,True,-125.0,22068.611795955803,0.0,0.0,44137.22359191161
62998,6298.6577843425775,117.816297391837,-88.8995444906177,0.10000194221717025,6300.086971161602,True,-125.0,22224.886122654425,0.0,0.0,44449.77224530885
63998,6398.650235671894,119.04656683502253,-89.51464429346379,0.10000188072428869,6400.0888825192305,True,-125.0,22378.661073365947,0.0,0.0,44757.32214673189
64998,6498.642931055295,120.2568377595162,-90.11974651226774,0.10000182022798214,6500.090732882642,True,-125.0,22529.936628066935,0.0,0.0,45059.87325613387
65998,6598.635866493072,121.44711011700565,-90.71485106833279,0.10000176073239544,6600.0925232508425,True,-125.0,22678.71276708319,0.0,0.0,45357.42553416639
66998,6698.629037985506,122.6173838597606,-91.29995788435917,0.10000170223638512,6700.09425462284,True,-119.0,21729.389976477483,0.0,0.0,43458.77995295497
67998,6798.622441532869,123.76765894109849,-91.87506688432768,0.10000164473747372,6800.095927997707,True,-135.0,24806.268058768474,0.0,0.0,49612.53611753695
68998,6898.616073135423,124.89793531480245,-92.44017799349967,0.10000158823887824,6900.097544374523,True,-135.0,24958.848058244905,0.0,0.0,49917.696116489824
69998,6998.60992879342,126.00821293593617,-92.99529113818426,0.10000153273882431,7000.09910475244,True,-135.0,25108.72860730975,0.0,0.0,50217.4572146195
70997,7098.504010322807,127.09741147048771,-93.53986612544395,0.10000147829255533,7100.000608652339,True,-135.0,25255.76385386986,0.0,0.0,50511.52770773973
71997,7198.498301878357,128.16771145252278,-94.07499312446453,0.10000142478865295,7200.002060083369,True,-135.0,25400.248143605422,0.0,0.0,50800.496287210844
72997,7298.492805494059,129.21801255113678,-94.60012194653973,0.10000137228610978,7300.003458512043,True,-135.0,25542.032925565713,0.0,0.0,51084.065851131454
73997,7398.487517170131,130.24831472418737,-95.1152525235666,0.10000132078192812,7400.004804937593,True,-135.0,25681.11818136298,0.0,0.0,51362.23636272596
74997,7498.48243290678,131.25861793052172,-95.62038478837349,0.10000127027735639,7500.006100359291,True,-136.0,26008.744662437573,0.0,0.0,52017.489324875176
75997,7598.47754870421,132.24892212968552,-96.11551867541857,0.10000122077062279,7600.00734577643,True,-136.0,26143.42107971385,0.0,0.0,52286.8421594277
76997,7698.472860562616,133.21922728209756,-96.6006541204406,0.10000117226820747,7700.008542188334,True,-136.0,26275.37792075984,0.0,0.0,52550.75584151968
77997,7798.468364482177,134.16953334899154,-97.07579106010962,0.1000011247579676,7800.00969059435,True,-136.0,26404.615168349803,0.0,0.0,52809.230336699635
78997,7898.464056463082,135.09984029229963,-97.54092943284195,0.10000107825018725,7900.010791993876,True,-136.0,26531.13280573301,0.0,0.0,53062.26561146602
79997,7998.459932505494,136.01014807482716,-97.9960691781016,0.10000103274323512,8000.011847386313,True,-136.0,26654.930816443637,0.0,0.0,53309.86163288728
80997,8098.455988609577,136.90045666019432,-98.4412102366332,0.10000098823294054,8100.012857771069,True,-136.0,26776.009184364222,0.0,0.0,53552.01836872846
81997,8198.45222077549,137.77076601266162,-98.87635255081113,0.10000094472659395,8200.013824147632,True,-145.0,28674.14223973522,0.0,0.0,57348.28447947046
82997,8298.448625003384,138.6210760975373,-99.30149606382474,0.1000009022183337,8300.01474751547,True,-145.0,28797.43385850917,0.0,0.0,57594.86771701835
83997,8398.445197293395,139.45138688076986,-99.71664072049316,0.10000086070804963,8400.015628874105,True,-145.0,28917.825808943016,0.0,0.0,57835.65161788603
84997,8498.441933645663,140.26169832912274,-100.12178646691609,0.10000082019544132,8500.016469223026,True,-145.0,29035.318075405667,0.0,0.0,58070.63615081133
85997,8598.438830060315,141.05201041023247,-100.51693325024098,0.10000078068325281,8600.017269561793,True,-145.0,29149.910642569885,0.0,0.0,58299.82128513977
86997,8698.435882537475,141.8223230924923,-100.9020810193615,0.10000074217418409,8700.018030889993,True,-145.0,29261.60349561483,0.0,0.0,58523.206991229665
87997,8798.433087077261,142.57263634511037,-101.27722972398624,0.10000070466461496,8800.018754207213,True,-145.0,29370.396619956,0.0,0.0,58740.79323991202
88997,8898.43043967978,143.3029501379351,-101.64237931533717,0.10000066815414412,8900.019440513031,True,-145.0,29476.29000144778,0.0,0.0,58952.58000289556
89997,8998.427936345133,144.0132644419209,-101.99752974603325,0.1000006326381835,9000.020090807137,True,-153.0,31211.244102286175,0.0,0.0,62422.48820457235
90997,9098.425573073428,144.703579228546,-102.34268096997403,0.10000059812541576,9100.020706089153,True,-153.0,31316.860376812045,0.0,0.0,62633.720753624104
91997,9198.42334586475,145.37389447021997,-102.67783294222318,0.10000056461404139,9200.021287358753,True,-153.0,31419.416880320285,0.0,0.0,62838.833760640584
92997,9298.42125071919,146.02421014016727,-103.00298561912496,0.10000053210044231,9300.021835615651,True,-153.0,31518.913599452237,0.0,0.0,63037.82719890447
93997,9398.419283636833,146.6545262123691,-103.31813895853702,0.10000050058863783,9400.022351859536,True,-153.0,31615.350521312335,0.0,0.0,63230.701042624656
94997,9498.41744061775,147.26484266162151,-103.62329291936476,0.10000047007280743,9500.022837090148,True,-153.0,31708.727633325623,0.0,0.0,63417.45526665124
95997,9598.415717662014,147.8551594634191,-103.91844746202696,0.10000044055661024,9600.023292307216,True,-153.0,31799.04492338025,0.0,0.0,63598.08984676051
96997,9698.4141107697,148.42547659418778,-104.20360254822299,0.10000041204370577,9700.023718510502,True,-185.0,38555.332942842506,0.0,0.0,77110.66588568501
97997,9798.412615940859,148.97579403122654,-104.47875814069994,0.10000038452715483,9800.024116699766,True,-151.0,31552.58495849138,0.0,0.0,63105.16991698276
98997,9898.411229175561,149.50611175235827,-104.74391420383472,0.10000035801785877,9900.02448787485,True,-151.0,31632.662089558093,0.0,0.0,63265.32417911617
99997,9998.409946473852,150.01642973651178,-104.99907070305198,0.10000033250401826,10000.024833035519,True,-151.0,31709.719352321692,0.0,0.0,63419.4387046434
100997,10098.40876383578,150.506747963198,-105.24422760517336,0.10000030798138798,10100.0251531816,True,-151.0,31783.75673676235,0.0,0.0,63567.51347352471
101997,10198.407677261399,150.97706641280092,-105.47938487841748,0.10000028446912676,10200.025449313,True,-151.0,31854.774233282078,0.0,0.0,63709.548466564156
102997,10298.406682750745,151.4273850665777,-105.70454249228351,0.10000026195351108,10300.025722429464,True,-151.0,31922.771832669627,0.0,0.0,63845.54366533924
103997,10398.405776303862,151.85770390636753,-105.91970041720197,0.10000024043739981,10400.025973530881,True,-254.0,53807.207811938584,0.0,0.0,107614.41562387721
104997,10498.404953920777,152.2680229151738,-106.12485862558242,0.10000021992519013,10500.026203617117,True,-251.0,53274.679030042375,0.0,0.0,106549.35806008475
105997,10598.404211601524,152.6583420764655,-106.32001709053293,0.10000020040592404,10600.026413688105,True,-251.0,53372.648579447516,0.0,0.0,106745.29715889506
106997,10698.403545346135,153.02866137446836,-106.50517578667495,0.10000018188921327,10700.02660474372,True,-251.0,53465.59824491083,0.0,0.0,106931.19648982165
107997,10798.402951154629,153.3789807946887,-106.68033469002694,0.10000016437155,10800.026777783874,True,-251.0,53553.52801439352,0.0,0.0,107107.05602878706
108997,10898.402425027034,153.7093003228656,-106.84549377765507,0.10000014785875741,10900.02693380846,True,-251.0,53636.43787638284,0.0,0.0,107272.87575276569
109997,10998.401962963366,154.01961994590238,-107.00065302837174,0.10000013234236241,11000.027073817428,True,-251.0,53714.32782024263,0.0,0.0,107428.65564048523
110997,11098.401560963643,154.30993965134257,-107.14581242168788,0.10000011782401377,11100.027198810663,True,-268.0,57430.1554580247,0.0,0.0,114860.3109160494
111997,11198.401215027878,154.58025942766108,-107.2809719388606,0.10000010430737788,11200.027309788185,True,-268.0,57502.6009592293,0.0,0.0,115005.20191845858
112997,11298.400921156086,154.83057926391484,-107.40613156254403,0.10000009179122417,11300.02740774987,True,-258.0,55421.56388627272,0.0,0.0,110843.12777254544
113997,11398.400675348275,155.06089915015036,-107.52129127609078,0.1000000802746727,11400.02749369569,True,-258.0,55480.98629846284,0.0,0.0,110961.9725969257
114997,11498.400473604457,155.27121907722903,-107.6264510647161,0.1000000697620441,11500.027568625635,True,-258.0,55535.248749393504,0.0,0.0,111070.49749878701
115997,11598.400311924634,155.46153903653612,-107.72161091479938,0.1000000602470721,11600.02763353969,True,-258.0,55584.3512320365,0.0,0.0,111168.70246407297
116997,11698.40018630881,155.63185902067926,-107.80677081400063,0.10000005172904122,11700.027689437777,True,-258.0,55628.29374002431,0.0,0.0,111256.58748004865
117997,11798.400092756992,155.78217902278993,-107.88193075102754,0.10000004421092096,11800.027737319911,True,-271.0,58472.00646705691,0.0,0.0,116944.01293411385
118997,11898.400027269181,155.91249903669814,-107.94709071621764,0.10000003769442169,11900.02777818607,True,-271.0,58507.32316818995,0.0,0.0,117014.64633637991
119997,11998.399985845383,156.022819057398,-108.00225070118904,0.10000003217811833,12000.027813036259,True,-275.0,59401.23788565397,0.0,0.0,118802.47577130795
120997,12098.399964485587,156.11313908040756,-108.04741069872398,0.10000002766007275,12100.02784287048,True,-275.0,59426.07588429819,0.0,0.0,118852.15176859638
121997,12198.399959189801,156.18345910205971,-108.08257070288528,0.10000002414196167,12200.02786868868,True,-275.0,59445.41388658692,0.0,0.0,118890.8277731738
122997,12298.399965958022,156.23377911944408,-108.10773070913274,0.10000002162564887,12300.02789149091,True,-275.0,59459.25189002299,0.0,0.0,118918.50378004603
123997,12398.399980790247,156.26409913087264,-108.12289071432315,0.10000002010951363,12400.02791227712,True,-275.0,59467.5898928777,0.0,0.0,118935.17978575546
124997,12498.399999686473,156.274419134832,-108.12805071624462,0.10000001959519834,12500.027932047344,True,-275.0,59470.42789393454,0.0,0.0,118940.85578786908
125997,12598.400018646704,156.2647391310893,-108.12321071431506,0.10000002008095359,12600.027951801561,True,-273.0,59035.27305001601,0.0,0.0,118070.54610003205
126997,12698.400033670929,156.23505911999382,-108.1083707093494,0.10000002156127705,12700.027972539774,True,-273.0,59027.17040730476,0.0,0.0,118054.34081460955
127997,12798.40004075915,156.1853791026515,-108.08353070309386,0.10000002404704798,12800.027995262008,True,-299.0,64633.951360450126,0.0,0.0,129267.90272090025
128997,12898.400035911363,156.11569908104138,-108.04869069880806,0.10000002752755055,12900.028020968202,True,-299.0,64613.11703788722,0.0,0.0,129226.23407577444
129997,12998.400015127569,156.02601905813208,-108.0038507010322,0.10000003201155681,13000.028050658428,True,-299.0,64586.30271921723,0.0,0.0,129172.60543843452
130997,13098.399974407768,155.91633903729962,-107.94901071547065,0.10000003749570908,13100.028085332611,True,-299.0,64553.50840785145,0.0,0.0,129107.0168157029
131997,13198.399909751959,155.7866590229678,-107.88417074945755,0.10000004397991705,13200.028125990788,True,-299.0,64514.73410817562,0.0,0.0,129029.46821635123
132997,13298.399817160143,155.63697902054992,-107.80933081137482,0.10000005146399778,13300.028173632945,True,-289.0,62313.79320897462,0.0,0.0,124627.58641794928
133997,13398.399692632322,155.46729903569212,-107.72449091100134,0.10000005994819851,13400.028229259038,True,-289.0,62264.755746558745,0.0,0.0,124529.51149311755
134997,13498.399532168498,155.27761907543754,-107.62965105904732,0.10000006943073901,13500.02829386908,True,-304.0,65438.827843900755,0.0,0.0,130877.65568780155
135997,13598.399331768676,155.06793914729496,-107.52481126831844,0.10000007991283813,13600.028368463021,True,-304.0,65375.0852511376,0.0,0.0,130750.17050227523
136997,13698.399087432867,154.83825925952988,-107.40997155196965,0.10000009139729593,13700.028454040854,True,-304.0,65305.26270359753,0.0,0.0,130610.52540719509
137997,13798.398795161072,154.5885794215137,-107.28513192536775,0.10000010387971241,13800.02855160253,True,-304.0,65229.36021062359,0.0,0.0,130458.72042124718
138997,13898.398450953307,154.31889964319998,-107.15029240434524,0.10000011736216792,13900.028662148046,True,-304.0,65147.37778184189,0.0,0.0,130294.75556368381
139997,13998.398050809583,154.0292199352989,-107.00545300683007,0.10000013184613862,14000.02878667731,True,-286.0,61207.11911990678,0.0,0.0,122414.2382398136
140997,14098.397590729912,153.719540309452,-106.85061375133228,0.10000014732848148,14100.028926190294,True,-286.0,61118.55106576205,0.0,0.0,122237.10213152412
141997,14198.397066714317,153.38986077794107,-106.68577465810813,0.10000016381631652,14200.029081686878,True,-257.0,54836.488174267564,0.0,0.0,109672.97634853516
142997,14298.396474762805,153.0401813541539,-106.51093574846163,0.1000001812950994,14300.029254167024,True,-257.0,54746.620974709294,0.0,0.0,109493.24194941856
143997,14398.395810875414,152.6705020519439,-106.3260970453266,0.10000019977668681,14400.02944463063,True,-257.0,54651.613881297875,0.0,0.0,109303.22776259576
144997,14498.395071052157,152.28082288603764,-106.1312585726846,0.10000021926075688,14500.029654077665,True,-257.0,54551.466906359885,0.0,0.0,109102.93381271977
145997,14598.394251293066,151.87114387215115,-105.92642035568133,0.10000023974487132,14600.029883507932,True,-257.0,54446.1800628202,0.0,0.0,108892.3601256404
146997,14698.393347598174,151.4414650266408,-105.71158242120873,0.10000026123034647,14700.030133921402,True,-218.0,46090.24993564701,0.0,0.0,92180.49987129401
147997,14798.392355967513,150.99178636667784,-105.48674479697365,0.10000028371220038,14800.030406317905,True,-218.0,45992.22073148051,0.0,0.0,91984.44146296103
148997,14898.391272401122,150.52210791019024,-105.25190751231275,0.10000030719198295,14900.030701697317,True,-218.0,45889.83167536835,0.0,0.0,91779.66335073672
149997,14998.390092899042,150.0324296760955,-105.00707059784327,0.10000033167541753,15000.031021059447,True,-173.0,36332.446426853756,0.0,0.0,72664.89285370754
150997,15098.388813461317,149.52275168395136,-104.75223408523016,0.10000035715251289,15100.031365404167,True,-173.0,36244.27299348962,0.0,0.0,72488.54598697927
151997,15198.387430088005,148.9930739539559,-104.48739800765179,0.10000038363779322,15200.031735731307,True,-173.0,36152.63971064752,0.0,0.0,72305.27942129504
152997,15298.385938779153,148.44339650752954,-104.2125623995671,0.10000041112214472,15300.032133040653,True,-173.0,36057.54659025022,0.0,0.0,72115.09318050044
153997,15398.384335534816,147.87371936661657,-103.92772729659919,0.10000043960103037,15400.032558331979,True,-173.0,35958.99364462332,0.0,0.0,71917.98728924664
154997,15498.382616355064,147.28404255385976,-103.63289273600094,0.10000046908138979,15500.033012605076,True,-141.0,29224.475751552265,0.0,0.0,58448.95150310453
155997,15598.38077723996,146.67436609300785,-103.32805875584017,0.10000049956502022,15600.033496859769,True,-141.0,29138.512569146915,0.0,0.0,58277.02513829386
156997,15698.378814189575,146.04469000839163,-103.01322539593093,0.1000005310409868,15700.034012095743,True,-119.0,24517.147644231554,0.0,0.0,49034.29528846312
157997,15798.376723203988,145.39501432521502,-102.6883926972514,0.1000005635220014,15800.034559312715,True,-119.0,24439.837461945826,0.0,0.0,48879.67492389166
158997,15898.374500283284,144.72533906938042,-102.35356070182752,0.10000059700519702,15900.035139510408,True,-119.0,24360.14744703495,0.0,0.0,48720.2948940699
159997,15998.372141427546,144.0356642677798,-102.00872945319861,0.1000006314879902,16000.035753688537,True,-119.0,24278.077609861277,0.0,0.0,48556.15521972254
160997,16098.369642636864,143.32598994788714,-101.65389899641741,0.10000066696224803,16100.036402846785,True,-119.0,24193.627961147336,0.0,0.0,48387.25592229469
161997,16198.366999911346,142.59631613828242,-101.28906937735155,0.10000070344233637,16200.037087984778,True,-111.0,22486.173401772037,0.0,0.0,44972.34680354409
162997,16298.364209251084,141.84664286795305,-100.9142406436149,0.10000074091970435,16300.037810102123,True,-111.0,22402.96142288251,0.0,0.0,44805.92284576502
163997,16398.361266656197,141.0769701669924,-100.52941284386907,0.10000077939475276,16400.03857019847,True,-111.0,22317.529651338933,0.0,0.0,44635.05930267786
164997,16498.358168126797,140.2872980661341,-100.13458602817263,0.10000081887702407,16500.039369273552,True,-113.0,22630.416442367008,0.0,0.0,45260.83288473403
165997,16598.354909663016,139.47762659698492,-99.72976024774835,0.10000085935696436,16600.040208326638,True,-113.0,22538.925815991126,0.0,0.0,45077.85163198225
166997,16698.35148726497,138.64795579196652,-99.31493555544876,0.10000090083043037,16700.041088357495,True,-113.0,22445.17543553142,0.0,0.0,44890.35087106284
167997,16798.347896932803,137.79828568419907,-98.89011200494133,0.10000094331242255,16800.042010365498,True,-113.0,22349.165313116733,0.0,0.0,44698.33062623348
168997,16898.344134666648,136.92861630773405,-98.45528965163976,0.10000098678524809,16900.04297535027,True,-114.0,22447.806040573865,0.0,0.0,44895.61208114773
169997,16998.34019646666,136.03894769732142,-98.01046855188906,0.10000103126243046,17000.043984311284,True,-114.0,22346.3868298307,0.0,0.0,44692.77365966141
170997,17098.33607833299,135.12927988858428,-97.55564876366407,0.10000107673717949,17100.045038247954,True,-114.0,22242.687918115407,0.0,0.0,44485.375836230814
171997,17198.33177626582,134.1996129178442,-97.09083034622017,0.10000112321257165,17200.04613815981,True,-104.0,20194.892712013796,0.0,0.0,40389.78542402759
172997,17298.32728626529,133.2499468223541,-96.61601335962769,0.10000117067932036,17300.047285046156,True,-104.0,20096.13077880256,0.0,0.0,40192.26155760512
173997,17398.322604331603,132.28028164006537,-96.13119786593597,0.1000012191564575,17400.048479906367,True,-104.0,19995.289156114675,0.0,0.0,39990.57831222936
174997,17498.31772646493,131.29061740962788,-95.63638392800931,0.10000126862974934,17500.04972373988,True,-104.0,19892.36785702593,0.0,0.0,39784.73571405187
175997,17598.312648665473,130.28095417103032,-95.13157161022536,0.10000131909761918,17600.05101754594,True,-102.0,19406.840608485974,0.0,0.0,38813.68121697195
176997,17698.307366933434,129.25129196426133,-94.61676097824238,0.1000013705744243,17700.052362323873,True,-102.0,19301.819239561446,0.0,0.0,38603.6384791229
177997,17798.301877269012,128.20163083064836,-94.09195209876634,0.10000142303595726,17800.053759072976,True,-102.0,19194.758228148326,0.0,0.0,38389.51645629667
178997,17898.29617567244,127.13197081215912,-93.55714504048228,0.10000147650701449,17900.055208792535,True,-102.0,19085.65758825838,0.0,0.0,38171.31517651677
179997,17998.290258143934,126.04231195157627,-93.01233987242449,0.10000153097673482,18000.05671248164,True,-109.0,20276.69009218854,0.0,0.0,40553.38018437708
180997,18098.284120683733,124.93265429261373,-92.45753666572273,0.10000158644322261,18100.05827113952,True,-109.0,20155.742993127555,0.0,0.0,40311.48598625511
181997,18198.277759292083,123.80299787950935,-91.89273549243808,0.1000016429196571,18200.059885765408,True,-109.0,20032.6163373515,0.0,0.0,40065.232674703
182997,18298.27116996923,122.65334275743226,-91.3179364259122,0.10000170038451008,18300.06155735838,True,-109.0,19907.31014084885,0.0,0.0,39814.62028169772
183997,18398.264348715435,121.48368897248292,-90.73313954111654,0.10000175883876855,18400.063286917513,True,-109.0,19779.824419963406,0.0,0.0,39559.64883992681
184997,18498.257291530983,120.2940365714021,-90.13834491372108,0.10000181830645605,18500.065075441817,True,-109.0,19650.15919119119,0.0,0.0,39300.31838238239
185997,18598.249994416143,119.08438560162904,-89.53355262137484,0.10000187877060308,18600.06692393041,True,-109.0,19518.314471459707,0.0,0.0,39036.62894291942
186997,18698.24245337121,117.85473611188354,-88.91876274242532,0.10000194023576064,18700.06883338224,True,-102.0,18139.427599454764,0.0,0.0,36278.85519890953
187997,18798.234664396485,116.60508815106004,-88.29397535696626,0.10000200270324149,18800.07080479625,True,-102.0,18011.970972821116,0.0,0.0,36023.94194564223
188997,18898.22662349227,115.33544176921714,-87.65919054637197,0.1000020661592166,18900.072839171404,True,-102.0,17882.474871459875,0.0,0.0,35764.949742919765
189997,18998.218326658887,114.04579701722832,-87.01440839283168,0.100002130615279,19000.074937506473,True,-102.0,17750.939312137656,0.0,0.0,35501.87862427533
190997,19098.209769896683,112.73615394654917,-86.35962898028083,0.10000219607732981,19100.07710080058,True,-98.0,16926.487280135043,0.0,0.0,33852.974560270086
191997,19198.200949205973,111.40651260968298,-85.69485239405185,0.10000226253140168,19200.079330052333,True,-98.0,16796.191069234163,0.0,0.0,33592.382138468325
192997,19298.191860587125,110.05687305971514,-85.02007872029208,0.10000232998184878,19300.081626260584,True,-98.0,16663.935429177247,0.0,0.0,33327.870858354494
193997,19398.1825000405,108.68723535072058,-84.3353080470115,0.10000239843590678,19400.08399042407,True,-89.0,15011.684832368042,0.0,0.0,30023.369664736092
194997,19498.172863566466,107.2975995374145,-83.64054046291858,0.10000246789071365,19500.086423541467,True,-89.0,14888.016202399507,0.0,0.0,29776.032404799014
195997,19598.16294716541,105.88796567544341,-82.93577605858445,0.10000253834097574,19600.08892661152,True,-89.0,14762.568138428029,0.0,0.0,29525.136276856065
196997,19698.152746837717,104.45833382115234,-82.22101492551155,0.10000260978913375,19700.091500632832,True,-89.0,14635.34065674106,0.0,0.0,29270.681313482117
197997,19798.142258583815,103.00870403164299,-81.49625715671573,0.10000268224443322,19800.094146603995,True,-88.0,14343.341259581968,0.0,0.0,28686.682519163936
198997,19898.131478404102,101.53907636512304,-80.76150284637697,0.10000275569142571,19900.09686552363,True,-88.0,14214.024500962343,0.0,0.0,28428.049001924694
199997,19998.120402299013,100.04945088014938,-80.01675208995584,0.10000283013265812,20000.09965839012,True,-88.0,14082.948367832225,0.0,0.0,28165.896735664457
200996,20098.009037796175,98.54134724859614,-79.26276472466998,0.10000290550527854,20100.002523296425,True,-88.0,13950.246591541916,0.0,0.0,27900.493183083832
201996,20197.997358147597,97.01174630410969,-78.49803136417177,0.10000298194739538,20200.00546697569,True,-82.0,12873.677143724166,0.0,0.0,25747.35428744834
202996,20297.98537057901,95.4621477224282,-77.72330185200553,0.10000305938465191,20300.008487596246,True,-82.0,12746.621503728908,0.0,0.0,25493.243007457815
203996,20397.973071090884,93.89255156548461,-76.9385762886377,0.10000313782429315,20400.011586156237,True,-82.0,12617.926511336584,0.0,0.0,25235.853022673167
204996,20497.96045568371,92.30295789596858,-76.14385477639735,0.10000321725902786,20500.01476365424,True,-82.0,12487.592183329165,0.0,0.0,24975.18436665833
205996,20597.947520358,90.69336677761748,-75.33913741854485,0.10000329769511934,20600.01802108837,True,-82.0,12355.618536641356,0.0,0.0,24711.23707328271
206996,20697.934261114257,89.0637782747508,-74.52442431962118,0.10000337912709775,20700.02135945686,True,-82.0,12222.005588417873,0.0,0.0,24444.011176835742
207996,20797.92067395302,87.4141924525029,-73.69971558544785,0.10000346155589591,20800.0247797579,True,-82.0,12086.75335601344,0.0,0.0,24173.506712026894
208996,20897.906754874828,85.74460937688127,-72.86501132347621,0.10000354499242825,20900.028282989602,True,-78.0,11366.941766462285,0.0,0.0,22733.883532924578
209996,20997.892499880232,84.0550291147083,-72.02031164197251,0.1000036294128947,21000.03187015001,True,-78.0,11235.168616147712,0.0,0.0,22470.337232295424
210996,21097.877904969806,82.34545173350489,-71.16561665106565,0.10000371484369096,21100.035542237278,True,-78.0,11101.836197566237,0.0,0.0,22203.672395132482
211996,21197.86296614413,80.61587730166502,-70.300926461583,0.1000038012665988,21200.039300249297,True,-78.0,10966.944528006945,0.0,0.0,21933.889056013897
212996,21297.8476794038,78.86630588851403,-69.4262411860982,0.10000388868056337,21300.0431451841,True,-77.0,10691.641142659122,0.0,0.0,21383.282285318244
213996,21397.832040749425,77.09673756384291,-68.541560938349,0.10000397710474157,21400.047078039526,True,-77.0,10555.400384505745,0.0,0.0,21110.800769011494
214996,21497.81604618163,75.30717239849037,-67.64688583335374,0.10000406651468974,21500.05109981341,True,-77.0,10417.620418336475,0.0,0.0,20835.24083667295
215996,21597.799691701053,73.49761046411004,-66.74221598729491,0.1000041569363341,21600.05521150353,True,-76.0,10144.816830068827,0.0,0.0,20289.633660137653
216996,21697.78297330835,71.66805183299584,-65.82755151810125,0.10000424834625676,21700.059414107694,True,-76.0,10005.787830751386,0.0,0.0,20011.57566150278
217996,21797.765887004185,69.81849657831481,-64.90289254428353,0.10000434075642256,21800.063708623646,True,-76.0,9865.239666731097,0.0,0.0,19730.479333462194
218996,21897.748428789237,67.94894477416528,-63.96823918633163,0.10000443416574448,21900.068096048893,True,-76.0,9723.172356322408,0.0,0.0,19446.344712644815
219996,21997.73059466421,66.05939649528591,-63.02359156566672,0.10000452856834632,22000.072577381172,True,-72.0,9075.397185456008,0.0,0.0,18150.794370912015
220996,22097.712380629804,64.14985181723023,-62.06894980510697,0.10000462397111991,22100.077153617927,True,-72.0,8937.928771935403,0.0,0.0,17875.857543870807
221996,22197.693782686758,62.22031081636669,-61.10431402886752,0.10000472037545281,22200.08182575672,True,-72.0,8799.021220156923,0.0,0.0,17598.042440313846
222996,22297.67479683581,60.270773569936864,-60.12968436232768,0.10000481776559449,22300.08659479493,True,-72.0,8658.674548175186,0.0,0.0,17317.349096350372
223996,22397.65541907772,58.30124015570618,-59.14506093214732,0.10000491616539561,22400.091461729982,True,-69.0,8162.01840863633,0.0,0.0,16324.03681727266
224996,22497.635645413255,56.311710652837064,-58.150443866383284,0.10000501555820489,22500.096427559252,True,-69.0,8024.761253560893,0.0,0.0,16049.522507121786
225995,22597.515492217866,54.30420465412317,-57.14684289658908,0.10000511584702684,22600.001488164045,True,-69.0,7886.264319729291,0.0,0.0,15772.528639458586
226995,22697.49491514895,52.27470320893917,-56.1322489422746,0.10000521723022321,22700.006654672037,True,-69.0,7746.250354033893,0.0,0.0,15492.50070806779
227995,22797.47393018008,50.22520591603825,-55.107661743997596,0.10000531961830081,22800.01192306491,True,-64.0,7053.780703231694,0.0,0.0,14107.561406463386
228995,22897.45253331209,48.15571285720216,-54.07308143505361,0.10000542300028412,22900.01729433976,True,-64.0,6921.35442368686,0.0,0.0,13842.708847373724
229995,22997.43072054584,46.066224115376826,-53.02850815001875,0.10000552737496907,23000.02276949369,True,-64.0,6787.649043202398,0.0,0.0,13575.2980864048
230995,23097.40848788219,43.956739774148446,-51.97394202463329,0.10000563274836687,23100.02834952357,True,-57.0,5925.029390808195,0.0,0.0,11850.05878161639
231995,23197.385831322044,41.82725991785992,-50.909383196150884,0.10000573912160195,23200.034035426437,True,-57.0,5803.669684361201,0.0,0.0,11607.339368722402
232995,23297.362746866296,39.677784631669056,-49.834831802756526,0.10000584648618539,23300.039828199162,True,-57.0,5681.170825514242,0.0,0.0,11362.341651028488
233995,23397.339230515867,37.50831400154857,-48.75028798438143,0.10000595484936985,23400.045728838544,True,-57.0,5557.532830219483,0.0,0.0,11115.065660438966
234995,23497.3152782717,35.3188481144025,-47.655751881888136,0.10000606420729359,23500.05173834141,True,-58.0,5528.067218299024,0.0,0.0,11056.134436598048
235995,23597.29088613476,33.10938705760054,-46.55122363765258,0.10000617457227226,23600.057857704356,True,-58.0,5399.941941967698,0.0,0.0,10799.8838839354
236995,23697.266050106,30.87993091973476,-45.43670339521486,0.1000062859235292,23700.064087924184,True,-58.0,5270.657593844924,0.0,0.0,10541.315187689848
237995,23797.240766186434,28.63047978974646,-44.312191299628466,0.10000639828050993,23800.070429997362,True,-54.0,4785.716660359874,0.0,0.0,9571.433320719749
238995,23897.215030377054,26.361033757857513,-43.17768749699462,0.10000651162368367,23900.076884920403,True,-54.0,4663.190249675419,0.0,0.0,9326.380499350838
239995,23997.1888386789,24.07159291469725,-42.03319213481154,0.10000662596390753,24000.08345368989,True,-54.0,4539.584750559647,0.0,0.0,9079.169501119293
240995,24097.16218709301,21.762157351826318,-40.87870536209084,0.10000674131203906,24100.090137302053,True,-54.0,4414.900179105811,0.0,0.0,8829.800358211622
241995,24197.135071620454,19.4327271617949,-39.714227328659035,0.10000685763620741,24200.09693675332,True,-48.0,3812.5658235512674,0.0,0.0,7625.131647102535
242994,24297.007516080717,17.08566184953088,-38.54093764571007,0.10000697486456785,24300.003846065003,True,-48.0,3699.930013988167,0.0,0.0,7399.860027976334
243994,24396.979461311974,14.71626267960528,-37.356487537617795,0.10000709318470151,24400.010880064954,True,-48.0,3586.2228036113065,0.0,0.0,7172.445607222617
244994,24496.950930663872,12.326869164244272,-36.162046626908705,0.10000721251667649,24500.018032891632,True,-48.0,3471.5564761832356,0.0,0.0,6943.112952366471
245994,24596.921920137538,9.917481399024837,-34.95761506888084,0.10000733282582111,24600.02530554102,True,-22.0,,,,
246994,24696.892425734153,7.488099480222445,-33.74319302011281,0.10000745414983603,24700.032699009265,True,-22.0,,,,
247994,24796.86244345487,5.038723505218513,-32.518780638696626,0.10000757646464609,24800.040214292243,True,-22.0,,,,
248994,24896.831969300903,2.569353571801912,-31.284378083539195,0.10000769977098713,24900.04785238587,True,-22.0,,,,
249994,24996.800999273462,0.0799897788092494,-30.03998551541008,0.10000782407532147,25000.05561428596,True,43.0,,,,
