,global_x,global_y,global_z,delta_s,total_s,has_anchor,depth,z1,is_underground,has_hydro_loading,u_z_initial,u_y_initial,u_x_initial,theta_x_initial,theta_y_initial,theta_z_initial
0,0.0,0.0,-30.0,0.0,0.0,,,,False,False,0.0,0,0,0,0,0
1,49.99741127553898,0.6237663094652817,-30.62376630946528,50.00519276108273,50.00519276108273,,,,False,,-4.272052592092785,0,0,0,0,0
2,99.99485367770467,1.2450326825492084,-31.24503268254921,50.005161639280054,100.01035440036279,True,-48.0,-25.26420795124496,False,True,-5.980824731304249,0,0,0,0,0
3,149.99232708149975,1.863799117389135,-31.86379911750555,50.00513064241618,150.01548504277895,,,,False,,-6.119098204899243,0,0,0,0,0
4,199.98983136192146,2.480065613053739,-32.48006561305374,50.00509977050342,200.02058481328237,True,-48.0,-26.800410812911124,False,True,-5.679654800142615,0,0,0,0,0
5,249.98736639397066,3.0938321673311293,-33.09383216733113,50.005069023522864,250.02565383680525,,,,False,,-5.443804282674082,0,0,0,0,0
6,299.9849320526464,3.705098779173568,-33.70509877917357,50.00503840149609,300.03069223830136,True,-48.0,-28.358130447540734,False,True,-5.346968331632834,0,0,0,0,0
7,349.9825282129477,4.31386544671841,-34.313865446834825,50.00500790440641,350.03570014270775,,,,False,,-5.178168248578988,0,0,0,0,0
8,399.9801547498755,4.920132168685086,-34.920132168685086,50.00497753226465,400.0406776749724,True,-48.0,-29.933420257428185,False,True,-4.986711911256901,0,0,0,0,0
9,449.977811538427,5.523898943560198,-35.52389894344378,50.00494728506903,450.04562496004144,,,,False,,-4.838153463803289,0,0,0,0,0
10,499.9754984536048,6.1251657695975155,-36.125165769597515,50.00491716281981,500.05054212286126,True,-48.0,-31.52242022985745,False,True,-4.6027455397400665,0,0,0,0,0
11,549.9732153704063,6.723932645400055,-36.723932645400055,50.004887165513416,550.0554292883746,,,,False,,-4.23212559064754,0,0,0,0,0
12,599.9709621638303,7.320199569570832,-37.32019956957083,50.00485729315771,600.0602865815323,True,-48.0,-33.12142771861642,False,True,-4.198771850954415,0,0,0,0,0
13,649.9687387088761,7.913966540712863,-37.91396654059645,50.00482754575032,650.0651141272826,,,,False,,-4.891701248883804,0,0,0,0,0
14,699.9665448805445,8.505233556963503,-38.50523355684709,50.00479792328661,700.0699120505692,True,-54.0,-32.65998885185904,False,True,-5.845244704988048,0,0,0,0,0
15,749.9643805538326,9.094000617042184,-39.094000617042184,50.00476842577444,750.0746804763436,,,,False,,-6.496615940663382,0,0,0,0,0
16,799.9622456037396,9.680267719551921,-39.680267719435506,50.00473905320918,800.0794195295528,True,-58.0,-32.93102183108311,False,True,-6.749245888352398,0,0,0,0,0
17,849.9601399052663,10.264034862979315,-40.2640348628629,50.004709805598566,850.0841293351514,,,,False,,-6.659234563094951,0,0,0,0,0
18,899.9580633334081,10.845302045810968,-40.84530204581097,50.004680682933476,900.0888100180848,True,-58.0,-34.418160946537384,False,True,-6.427141099273584,0,0,0,0,0
19,949.956015763164,11.42406926676631,-41.424069266649894,50.00465168521936,950.0934617033042,,,,False,,-6.2398809381556095,0,0,0,0,0
20,999.9539970695369,12.000336524099112,-42.00033652409911,50.004622812458926,1000.0980845157632,True,-58.0,-35.91500089489442,False,True,-6.0853356292046925,0,0,0,0,0
21,1049.952007127522,12.57410381664522,-42.57410381664522,50.00459406464939,1050.1026785804127,,,,False,,-5.914048469598415,0,0,0,0,0
22,1099.9500458121147,13.14537114277482,-43.14537114277482,50.00456544178582,1100.1072440221985,True,-58.0,-37.41912750360115,False,True,-5.726243639173667,0,0,0,0,0
23,1149.9481129983178,13.71413850132376,-43.71413850132376,50.00453694388523,1150.1117809660836,,,,False,,-5.534631187849351,0,0,0,0,0
24,1199.9462085611322,14.280405890662223,-44.28040589054581,50.00450857093428,1200.116289537018,True,-58.0,-38.92822212733271,False,True,-5.352183763213098,0,0,0,0,0
25,1249.9443323755495,14.844173309276812,-44.84417330927681,50.004480322932274,1250.1207698599503,,,,False,,-5.179242507402137,0,0,0,0,0
26,1299.9424843165707,15.405440755886957,-45.40544075588696,50.00445219988607,1300.1252220598365,True,-58.0,-40.44008081280359,False,True,-4.965359943083364,0,0,0,0,0
27,1349.9406642591966,15.96420822921209,-45.96420822921209,50.004424201801335,1350.1296462616378,,,,False,,-4.651528955427271,0,0,0,0,0
28,1399.938872078419,16.520475727622397,-46.52047572773881,50.00439632866156,1400.1340425902995,True,-57.0,-42.32518322864971,False,True,-4.195292499089099,0,0,0,0,0
29,1449.9371076492425,17.074243249953724,-47.074243249953724,50.00436858048509,1450.1384111707846,,,,False,,-3.6931467719491087,0,0,0,0,0
30,1499.9353708466624,17.625510794692673,-47.62551079469267,50.00434095726326,1500.142752128048,True,-57.0,-43.844659919389734,False,True,-3.7808508753029386,0,0,0,0,0
31,1549.933661545674,18.17427836044226,-48.17427836044226,50.0043134589939,1550.1470655870419,,,,False,,-4.872106267228538,0,0,0,0,0
32,1599.9319796212785,18.720545945921913,-48.72054594592191,50.00428608568671,1600.1513516727287,True,-64.0,-42.7674250164042,False,True,-5.953120929517716,0,0,0,0,0
33,1649.9303249484728,19.264313549734652,-49.26431354961824,50.00425883733465,1650.1556105100633,,,,False,,-6.025837778460704,0,0,0,0,0
34,1699.9286974022543,19.805581170367077,-49.80558117036708,50.00423171394068,1700.159842224004,True,-64.0,-44.22294822573954,False,True,-5.582632944627534,0,0,0,0,0
35,1749.9270968576202,20.344348806655034,-50.344348806655034,50.0042047155052,1750.1640469395093,,,,False,,-5.312857527265208,0,0,0,0,0
36,1799.9255231895677,20.88061645720154,-50.880616457085125,50.00417784202737,1800.1682247815365,True,-64.0,-45.67728717103633,False,True,-5.203329286048792,0,0,0,0,0
37,1849.923976273094,21.41438412060961,-51.41438412060961,50.00415109351131,1850.172375875048,,,,False,,-5.078602302628354,0,0,0,0,0
38,1899.9224559832,21.945651795715094,-51.94565179559868,50.00412446995733,1900.1765003450053,True,-64.0,-47.12894250947276,False,True,-4.816709286125921,0,0,0,0,0
39,1949.9209621948776,22.474419480888173,-52.47441948088817,50.004097971356764,1950.180598316362,,,,False,,-4.431194853277123,0,0,0,0,0
40,1999.9194947831293,23.00068717508111,-53.000687174964696,50.00407159772338,2000.1846699140854,True,-64.0,-48.576514551164614,False,True,-4.424172623800082,0,0,0,0,0
41,2049.918053622947,23.524454876896925,-53.52445487678051,50.00404534904788,2050.1887152631334,,,,False,,-5.151686525926162,0,0,0,0,0
42,2099.9166385893313,24.04572258493863,-54.04572258493863,50.00401922533607,2100.1927344884693,True,-69.0,-48.14878986598141,False,True,-5.896932718957217,0,0,0,0,0
43,2149.915249557278,24.56449029792566,-54.564490298042074,50.00399322658414,2150.1967277150534,,,,False,,-5.928451375079646,0,0,0,0,0
44,2199.913886401784,25.08075801481027,-55.08075801481027,50.0039673527979,2200.2006950678515,True,-69.0,-49.55175152786273,False,True,-5.529006486947544,0,0,0,0,0
45,2249.912548997847,25.59452573384624,-55.594525733962655,50.00394160397052,2250.204636671822,,,,False,,-5.1815431403935035,0,0,0,0,0
46,2299.9112372204636,26.105793454218656,-56.105793454218656,50.003915980112,2300.208552651934,True,-69.0,-50.95028648072222,False,True,-5.155506973496436,0,0,0,0,0
47,2349.9099509446296,26.61456117441412,-56.61456117441412,50.00389048121488,2350.212443133149,,,,False,,-5.5375451884427145,0,0,0,0,0
48,2399.908690045344,27.120828893152066,-57.12082889303565,50.003865107282046,2400.216308240431,True,-72.0,-51.224218201433395,False,True,-5.896610691602255,0,0,0,0,0
49,2449.9074543976003,27.624596609151922,-57.62459660915192,50.00383985831431,2450.220148098745,,,,False,,-5.825930089598935,0,0,0,0,0
50,2499.9062438763976,28.125864321249537,-58.12586432124954,50.003814734312805,2500.223962833058,True,-72.0,-52.59234523536056,False,True,-5.533519085888976,0,0,0,0,0
51,2549.9050583567314,28.624632028164342,-58.62463202816434,50.003789735276605,2550.227752568335,,,,False,,-5.310579319892454,0,0,0,0,0
52,2599.903897713597,29.12089972861577,-59.12089972849935,50.00376486120378,2600.2315174295386,True,-72.0,-53.9546326504468,False,True,-5.166267078052556,0,0,0,0,0
53,2649.902761821995,29.614667421323247,-59.61466742120683,50.003740112103614,2650.235257541642,,,,False,,-5.030186468593103,0,0,0,0,0
54,2699.901650556916,30.105935105122626,-60.10593510500621,50.00371548796442,2700.2389730296063,True,-72.0,-55.31015686516886,False,True,-4.795778239837354,0,0,0,0,0
55,2749.9005637933587,30.594702778733335,-60.59470277861692,50.0036909887945,2750.242664018401,,,,False,,-4.454109030495616,0,0,0,0,0
56,2799.899501406322,31.080970440874808,-61.08097044087481,50.0036666145954,2800.246330632996,True,-72.0,-56.65805804014784,False,True,-4.422912400726965,0,0,0,0,0
57,2849.898463270798,31.564738090499304,-61.564738090499304,50.00364236536133,2850.2499729983574,,,,False,,-5.001246216261347,0,0,0,0,0
58,2899.8974492617854,32.04600572644267,-62.04600572632626,50.003618241099886,2900.2535912394574,True,-76.0,-56.45920708266282,False,True,-5.586798643663435,0,0,0,0,0
59,2949.8964592542798,32.52477334719151,-62.52477334730793,50.00359424180558,2950.257185481263,,,,False,,-5.57205932752488,0,0,0,0,0
60,2999.8954931232747,33.00104095193092,-63.0010409518145,50.00357036747807,3000.260755848741,True,-76.0,-57.77094742810399,False,True,-5.230093523710515,0,0,0,0,0
61,3049.8945507437693,33.474808539263904,-63.47480853914749,50.00354661812651,3050.264302466868,,,,False,,-4.970872408912394,0,0,0,0,0
62,3099.893631990757,33.94607610779349,-63.94607610779349,50.003522993738045,3100.2678254606058,True,-76.0,-59.0746608759352,False,True,-4.871415231858286,0,0,0,0,0
63,3149.8927367392353,34.414843656821176,-64.41484365670476,50.003499494327684,3150.2713249549333,,,,False,,-4.897099030310809,0,0,0,0,0
64,3199.891864864201,34.881111184717156,-64.88111118471716,50.00347611988592,3200.274801074819,True,-77.0,-59.98142725858088,False,True,-4.899683926136277,0,0,0,0,0
65,3249.8910162406464,35.344878690550104,-65.3448786905501,50.003452870413106,3250.2782539452323,,,,False,,-4.754297644258497,0,0,0,0,0
66,3299.8901907435684,35.80614617315587,-65.80614617327228,50.00342974591611,3300.2816836911484,True,-77.0,-61.262990935544714,False,True,-4.543155237727568,0,0,0,0,0
67,3349.8893882479642,36.264913631486706,-66.26491363137029,50.003406746390965,3350.285090437539,,,,False,,-4.366071083215949,0,0,0,0,0
68,3399.8886086288276,36.72118106414564,-66.72118106402922,50.00338387183761,3400.288474309377,True,-77.0,-62.53501154026997,False,True,-4.186169523759254,0,0,0,0,0
69,3449.887851761154,37.17494847008493,-67.17494846996851,50.00336112225715,3450.291835431634,,,,False,,-3.969348024103085,0,0,0,0,0
70,3499.8871175199383,37.62621584814042,-67.62621584814042,50.00333849765096,3500.295173929285,True,-77.0,-63.79692927867059,False,True,-3.8292865694698293,0,0,0,0,0
71,3549.8864057801784,38.07498319726437,-68.07498319738079,50.003315998021215,3550.298489927306,,,,False,,-3.8529138335532576,0,0,0,0,0
72,3599.8857164168676,38.52125051652547,-68.52125051640905,50.00329362336459,3600.3017835506707,True,-78.0,-64.64887979295317,False,True,-3.8723707234558873,0,0,0,0,0
73,3649.8850493050013,38.96501780441031,-68.96501780441031,50.00327137368221,3650.305054924353,,,,False,,-3.724541013446025,0,0,0,0,0
74,3699.884404319575,39.40628505998757,-69.40628505998757,50.003249248974434,3700.3083041733275,True,-78.0,-65.88621734694115,False,True,-3.5200677130464157,0,0,0,0,0
75,3749.883781335584,39.84505228220951,-69.84505228220951,50.00322724924466,3750.311531422572,,,,False,,-3.3769636790206197,0,0,0,0,0
76,3799.883180228022,40.28131946991198,-70.28131946979556,50.003205374487315,3800.314736797059,True,-78.0,-67.1123575479545,False,True,-3.16896192184106,0,0,0,0,0
77,3849.882600871886,40.71508662193082,-70.71508662193082,50.00318362471044,3850.3179204217695,,,,False,,-2.835044691424557,0,0,0,0,0
78,3899.88204314217,41.146353737218305,-71.14635373733472,50.00316199990767,3900.321082421677,True,-78.0,-68.32688269557804,False,True,-2.8194710417566853,0,0,0,0,0
79,3949.8815069138673,41.57512081495952,-71.57512081495952,50.00314050008336,3950.3242229217603,,,,False,,-3.450152926792222,0,0,0,0,0
80,3999.880992061977,42.00138785375748,-72.00138785375748,50.003119125238285,4000.3273420469986,True,-82.0,-67.91705075746346,False,True,-4.084337096294021,0,0,0,0,0
81,4049.880498461489,42.42515485268086,-72.42515485268086,50.00309787536765,4050.330439922366,,,,False,,-4.0774361614108265,0,0,0,0,0
82,4099.880025987399,42.846421810565516,-72.84642181068193,50.003076750475266,4100.333516672841,True,-82.0,-69.09823042765507,False,True,-3.748191383026864,0,0,0,0,0
83,4149.879574514702,43.265188726596534,-73.26518872659653,50.003055750563405,4150.3365724234045,,,,False,,-3.537752461916468,0,0,0,0,0
84,4199.879143918399,43.68145559937693,-73.68145559949335,50.00303487563491,4200.339607299039,True,-82.0,-70.26788139081442,False,True,-3.4135742086789236,0,0,0,0,0
85,4249.878734073474,44.09522242820822,-74.09522242820822,50.003014125677616,4250.3426214247165,,,,False,,-3.2572757268007693,0,0,0,0,0
86,4299.878344854929,44.50648921192624,-74.50648921192624,50.00299350070722,4300.345614925423,True,-82.0,-71.42566103043362,False,True,-3.0808281814926204,0,0,0,0,0
87,4349.877976137755,44.91525594948325,-74.91525594948325,50.0029730007121,4350.348587926135,,,,False,,-2.916859053834074,0,0,0,0,0
88,4399.877627796945,45.32152263971511,-75.32152263971511,50.00295262569529,4400.35154055183,True,-82.0,-72.57125361305852,False,True,-2.7502690266565963,0,0,0,0,0
89,4449.877299707499,45.72528928180691,-75.72528928180691,50.00293237566824,4450.354472927498,,,,False,,-2.569162696177132,0,0,0,0,0
90,4499.876991744407,46.12655587482732,-76.1265558747109,50.00291225061654,4500.357385178115,True,-82.0,-73.70436876430821,False,True,-2.422187110402689,0,0,0,0,0
91,4549.876703782664,46.52532241749577,-76.52532241749577,50.00289225054685,4550.360277428662,,,,False,,-2.324511193467975,0,0,0,0,0
92,4599.876435697265,46.92158890888095,-76.92158890888095,50.00287237545858,4600.36314980412,True,-82.0,-74.8247399866525,False,True,-2.096848922228446,0,0,0,0,0
93,4649.876187363205,47.31535534816794,-77.31535534816794,50.00285262535574,4650.366002429476,,,,False,,-1.6906170655605228,0,0,0,0,0
94,4699.875958655475,47.706621734425426,-77.70662173442543,50.00283300023492,4700.368835429711,True,-82.0,-75.93212322672169,False,True,-1.7744985077037398,0,0,0,0,0
95,4749.87574944907,48.095388066372834,-78.09538806637283,50.002813500091875,4750.371648929803,,,,False,,-2.833480946523059,0,0,0,0,0
96,4799.875559618986,48.481654343078844,-78.48165434307884,50.002794124935114,4800.374443054739,True,-88.0,-74.58114912405681,False,True,-3.900505219022037,0,0,0,0,0
97,4849.875389040216,48.865420563844964,-78.86542056384496,50.002774874765755,4850.377217929505,,,,False,,-4.002373643143423,0,0,0,0,0
98,4899.875237587752,49.246686727623455,-79.24668672750704,50.00275574957598,4900.379973679081,True,-88.0,-75.65330540605889,False,True,-3.593381321448149,0,0,0,0,0
99,4949.8751051365925,49.62545283313375,-79.62545283313375,50.002736749372495,4950.382710428453,,,,False,,-3.3348408714085997,0,0,0,0,0
100,4999.874991561725,50.00171887979377,-80.00171887979377,50.00271787415088,5000.385428302604,True,-88.0,-76.71307669426895,False,True,-3.2886421855248216,0,0,0,0,0
101,5049.87489673815,50.375484866672195,-80.3754848666722,50.00269912392052,5050.388127426524,,,,False,,-3.3556894577597904,0,0,0,0,0
102,5099.874820540856,50.74675079260487,-80.74675079260487,50.00268049866828,5100.390807925192,True,-89.0,-77.35438397970431,False,True,-3.392366812900562,0,0,0,0,0
103,5149.874762844839,51.115516656893305,-81.11551665677689,50.00266199840688,5150.393469923599,,,,False,,-3.286299636375035,0,0,0,0,0
104,5199.874723525093,51.48178245825693,-81.48178245825693,50.00264362312779,5200.396113546726,True,-89.0,-78.38718403290652,False,True,-3.094598425350412,0,0,0,0,0
105,5249.87470245661,51.845548196230084,-81.84554819623008,50.00262537283811,5250.3987389195645,,,,False,,-2.9101736611244173,0,0,0,0,0
106,5299.874699514385,52.2068138695322,-82.20681386964861,50.002607247532296,5300.401346167097,True,-89.0,-79.40716321987105,False,True,-2.7996506497775613,0,0,0,0,0
107,5349.87471457341,52.565579477581196,-82.5655794775812,50.002589247214715,5350.4039354143115,,,,False,,-2.75648071012298,0,0,0,0,0
108,5399.874747508681,52.921845019212924,-82.92184501921292,50.002571371885914,5400.4065067861975,True,-89.0,-80.41414063209139,False,True,-2.507704387121535,0,0,0,0,0
109,5449.874798195186,53.27561049372889,-83.27561049372889,50.0025536215395,5450.409060407737,,,,False,,-1.9867397641848428,0,0,0,0,0
110,5499.874866507925,53.62687590008136,-83.62687590019777,50.00253599618785,5500.411596403926,True,-89.0,-81.40795004781795,False,True,-2.218925852379826,0,0,0,0,0
111,5549.874952321888,53.975641237571836,-83.97564123757184,50.00251849582018,5550.414114899746,,,,False,,-3.930703962603321,0,0,0,0,0
112,5599.875055512068,54.321906505269,-84.32190650515258,50.00250112044211,5600.4166160201885,True,-98.0,-78.76090282773606,False,True,-5.561003677416522,0,0,0,0,0
113,5649.875175953458,54.66567170212511,-84.66567170212511,50.00248387005136,5650.4190998902395,,,,False,,-5.632816572734417,0,0,0,0,0
114,5699.8753135210545,55.00693682744168,-85.00693682744168,50.002466744652644,5700.421566634892,True,-98.0,-79.71404290121885,False,True,-5.292893926222831,0,0,0,0,0
115,5749.875468089847,55.345701880403794,-85.3457018804038,50.002449744241446,5750.424016379134,,,,False,,-5.844300113279721,0,0,0,0,0
116,5799.875639534829,55.68196686008014,-85.68196686008014,50.00243286881835,5800.426449247952,True,-102.0,-79.09037466159937,False,True,-6.591592198480768,0,0,0,0,0
117,5849.875827730995,56.015731765539385,-86.01573176553939,50.002416118386385,5850.428865366339,,,,False,,-6.645102216541443,0,0,0,0,0
118,5899.8760325533385,56.34699659619946,-86.34699659619946,50.002399492947724,5900.431264859287,True,-102.0,-80.01022720264078,False,True,-6.336769393558683,0,0,0,0,0
119,5949.87625387685,56.67576135112904,-86.67576135112904,50.00238299249612,5950.433647851783,,,,False,,-6.166441270568545,0,0,0,0,0
120,5999.876491576526,57.00202602928039,-87.0020260293968,50.00236661703748,6000.43601446882,True,-102.0,-80.91803457241467,False,True,-6.083991456982133,0,0,0,0,0
121,6049.876745527355,57.325790630304255,-87.32579063018784,50.002350366567356,6050.438364835387,,,,False,,-5.951947822974003,0,0,0,0,0
122,6099.877015604333,57.647055152920075,-87.64705515292007,50.00233424109145,6100.440699076478,True,-102.0,-81.81362593952257,False,True,-5.833429213397508,0,0,0,0,0
123,6149.877301682451,57.96581959654577,-87.96581959654577,50.00231824060424,6150.443017317082,,,,False,,-5.7786033664813665,0,0,0,0,0
124,6199.877603636701,58.28208396048285,-88.28208396048285,50.00230236511091,6200.445319682193,True,-102.0,-82.6968413412059,False,True,-5.585242619276954,0,0,0,0,0
125,6249.877921342079,58.59584824368358,-88.59584824368358,50.00228661461017,6250.447606296803,,,,False,,-5.190266822532245,0,0,0,0,0
126,6299.878254673579,58.90711244544946,-88.90711244556587,50.002270989103785,6300.449877285907,True,-102.0,-83.56753116260693,False,True,-5.339581282958946,0,0,0,0,0
127,6349.878603506188,59.21587656531483,-89.21587656519841,50.00225548858576,6350.452132774492,,,,False,,-6.575104554959891,0,0,0,0,0
128,6399.878967714902,59.52214060211554,-89.52214060199913,50.00224011306418,6400.454372887557,True,-109.0,-81.70831787426042,False,True,-7.81382272773871,0,0,0,0,0
129,6449.879347174713,59.825904555036686,-89.82590455503669,50.00222486253384,6450.456597750091,,,,False,,-7.9719326979818845,0,0,0,0,0
130,6499.879741760611,60.12716842372902,-90.12716842372902,50.00220973699719,6500.458807487088,True,-109.0,-82.5397613662225,False,True,-7.5874070575065105,0,0,0,0,0
131,6549.880151347594,60.4259322071448,-90.42593220702838,50.0021947364565,6550.461002223545,,,,False,,-7.403538791100643,0,0,0,0,0
132,6599.880575810651,60.72219590446912,-90.72219590446912,50.00217986090873,6600.463182084453,True,-109.0,-83.35906914416357,False,True,-7.363126760305548,0,0,0,0,0
133,6649.881015024774,61.01595951523632,-91.0159595151199,50.0021651103543,6650.465347194808,,,,False,,-7.266065185073978,0,0,0,0,0
134,6699.881468864956,61.30722303839866,-91.30722303851508,50.00215048479639,6700.467497679604,True,-109.0,-84.16609919626363,False,True,-7.141123842251446,0,0,0,0,0
135,6749.881937206191,61.5959864736069,-91.5959864736069,50.00213598423315,6750.469633663837,,,,False,,-7.045538333126057,0,0,0,0,0
136,6799.88241992347,61.88224981992971,-91.8822498198133,50.00212160866505,6800.471755272502,True,-109.0,-84.96071781994976,False,True,-6.921531999863532,0,0,0,0,0
137,6849.882916891785,62.16601307655219,-92.16601307643577,50.00210735809139,6850.473862630593,,,,False,,-6.740367498002997,0,0,0,0,0
138,6899.883427986126,62.44727624277584,-92.44727624277584,50.00209323251125,6900.475955863105,True,-109.0,-85.74279924707626,False,True,-6.704476995699579,0,0,0,0,0
139,6949.88395308149,62.72603931801859,-92.72603931813501,50.002079231932754,6950.478035095038,,,,False,,-6.871667645556249,0,0,0,0,0
140,6999.884492052867,63.002302301698364,-93.00230230169836,50.00206535634728,7000.480100451385,True,-109.0,-86.51222527634705,False,True,-6.490077025351312,0,0,0,0,0
141,7049.885044775249,63.276065192883834,-93.27606519288383,50.00205160575801,7050.482152057143,,,,False,,-5.007511863276538,0,0,0,0,0
142,7099.885611123626,63.547327990992926,-93.54732799099293,50.00203798016374,7100.484190037307,True,-102.0,-90.0672029269907,False,True,-3.480125064002223,0,0,0,0,0
143,7149.886190972993,63.81609069532715,-93.81609069532715,50.002024479568554,7150.486214516875,,,,False,,-3.0084823511515912,0,0,0,0,0
144,7199.886784198342,64.08235330530442,-94.08235330518801,50.00201110397148,7200.488225620847,True,-102.0,-90.81989875750693,False,True,-3.262454547681074,0,0,0,0,0
145,7249.887390674665,64.34611582010984,-94.34611581999343,50.001997853371186,7250.490223474218,,,,False,,-3.6375272663298372,0,0,0,0,0
146,7299.888010276953,64.60737823904492,-94.60737823904492,50.00198472776696,7300.492208201985,True,-104.0,-90.74503805941013,False,True,-3.862340179634785,0,0,0,0,0
147,7349.888642880196,64.8661405617604,-94.8661405617604,50.00197172716143,7350.494179929146,,,,False,,-3.816910354056668,0,0,0,0,0
148,7399.889288359388,65.12240278732497,-95.12240278732497,50.00195885155238,7400.496138780699,True,-104.0,-91.46879241537107,False,True,-3.653610371953903,0,0,0,0,0
149,7449.889946589524,65.37616491515655,-95.37616491515655,50.00194610094575,7450.498084881645,,,,False,,-3.5420478482716544,0,0,0,0,0
150,7499.890617445591,65.62742694467306,-95.62742694467306,50.00193347533354,7500.500018356978,True,-104.0,-92.17901193226864,False,True,-3.448415012404425,0,0,0,0,0
151,7549.891300802582,65.87618887529243,-95.87618887517601,50.00192097472169,7550.5019393317,,,,False,,-3.32186585830445,0,0,0,0,0
152,7599.891996535491,66.12245070619974,-96.12245070619974,50.0019085991095,7600.50384793081,True,-104.0,-92.87563388249417,False,True,-3.246816823705572,0,0,0,0,0
153,7649.892704519308,66.36621243692935,-96.36621243692935,50.00189634849534,7650.505744279305,,,,False,,-3.257090748216684,0,0,0,0,0
154,7699.893424629022,66.60747406689916,-96.60747406689916,50.0018842228787,7700.507628502183,True,-104.0,-93.55860043173386,False,True,-3.048873635165293,0,0,0,0,0
155,7749.8941567396305,66.84623559541069,-96.84623559541069,50.001872222266265,7750.50950072445,,,,False,,-2.5377629283340104,0,0,0,0,0
156,7799.89490072612,67.08249702199828,-97.08249702199828,50.00186034664952,7800.5113610711,True,-104.0,-94.22785835239102,False,True,-2.8546386696072545,0,0,0,0,0
157,7849.895656463484,67.31625834596343,-97.31625834596343,50.00184859603372,7850.513209667133,,,,False,,-4.805253530173023,0,0,0,0,0
158,7899.896423826717,67.54751956660766,-97.54751956660766,50.001836970420875,7900.515046637554,True,-114.0,-90.86795146627583,False,True,-6.679568100331835,0,0,0,0,0
159,7949.897202690806,67.77628068369813,-97.77628068358172,50.00182546980493,7950.51687210736,,,,False,,-6.796824056265953,0,0,0,0,0
160,7999.897992930748,68.00254169630352,-98.00254169630352,50.00181409419447,8000.518686201554,True,-113.0,-91.8933621977314,False,True,-6.109179498572118,0,0,0,0,0
161,8049.898794421528,68.22630260395817,-98.22630260395817,50.00180284357717,8050.520489045131,,,,False,,-5.8736997585170245,0,0,0,0,0
162,8099.899607038141,68.44756340619642,-98.44756340619642,50.00179171796614,8100.522280763097,True,-113.0,-92.5134007405637,False,True,-5.934162665632726,0,0,0,0,0
163,8149.900430655574,68.66632410243619,-98.66632410243619,50.00178071735183,8150.524061480449,,,,False,,-5.888244534877228,0,0,0,0,0
164,8199.901265148826,68.88258469221182,-98.8825846920954,50.001769841745805,8200.525831322195,True,-113.0,-93.12008156744841,False,True,-5.762503124646997,0,0,0,0,0
165,8249.902110392886,69.0963451747084,-99.0963451747084,50.00175909113815,8250.527590413332,,,,False,,-5.664166180603509,0,0,0,0,0
166,8299.902966262744,69.30760554980952,-99.30760554969311,50.001748465532415,8300.529338878865,True,-113.0,-93.71334559566328,False,True,-5.594259954029823,0,0,0,0,0
167,8349.903832633388,69.51636581646744,-99.51636581646744,50.00173796492482,8350.53107684379,,,,False,,-5.526240976429533,0,0,0,0,0
168,8399.904709379816,69.72262597468216,-99.72262597456574,50.001727589325874,8400.532804433116,True,-113.0,-94.29313757999893,False,True,-5.4294883945668175,0,0,0,0,0
169,8449.905596377015,69.92638602340594,-99.92638602340594,50.001717338723616,8450.53452177184,,,,False,,-5.302989313302389,0,0,0,0,0
170,8499.906493499979,70.12764596263878,-100.12764596263878,50.00170721312891,8500.536228984969,True,-113.0,-94.85940590801624,False,True,-5.268240054622538,0,0,0,0,0
171,8549.907400623699,70.32640579156578,-100.32640579156578,50.001697212535355,8550.537926197505,,,,False,,-5.355873944434458,0,0,0,0,0
172,8599.90831762316,70.52266550983768,-100.52266550983768,50.00168733693911,8600.539613534444,True,-113.0,-95.41210240263432,False,True,-5.110563107203362,0,0,0,0,0
173,8649.90924437336,70.71642511687241,-100.71642511687241,50.001677586353026,8650.541291120797,,,,False,,-4.309962536819479,0,0,0,0,0
174,8699.910180749288,70.90768461232074,-100.90768461220432,50.00166796076587,8700.542959081562,True,-111.0,-96.75806470588925,False,True,-4.149619906315067,0,0,0,0,0
175,8749.911126625939,71.09644399536774,-101.09644399536774,50.00165846018693,8750.54461754175,,,,False,,-5.583702483607481,0,0,0,0,0
176,8799.912081878296,71.282703265897,-101.282703265897,50.00164908460445,8800.546266626354,True,-119.0,-94.09974002888454,False,True,-7.1829632370124585,0,0,0,0,0
177,8849.913046381356,71.46646242332645,-101.46646242332645,50.001639834031344,8850.547906460386,,,,False,,-7.455433296445861,0,0,0,0,0
178,8899.914020010106,71.64772146730684,-101.64772146719042,50.00163070845772,8900.549537168843,True,-119.0,-94.60605072936475,False,True,-7.041670737825669,0,0,0,0,0
179,8949.915002639545,71.82648039713968,-101.82648039702326,50.00162170789516,8950.551158876739,,,,False,,-6.8720675325580745,0,0,0,0,0
180,8999.915994144656,72.00273921259213,-102.00273921247572,50.00161283232955,9000.552771709068,True,-119.0,-95.09891492447572,False,True,-6.903824287999996,0,0,0,0,0
181,9049.916994400433,72.17649791296571,-102.17649791296571,50.00160408177125,9050.55437579084,,,,False,,-6.893648854586189,0,0,0,0,0
182,9099.918003281868,72.34775649814401,-102.34775649814401,50.00159545621781,9100.555971247059,True,-119.0,-95.57828707903194,False,True,-6.76946941911207,0,0,0,0,0
183,9149.91902066395,72.51651496742852,-102.51651496754494,50.00158695566874,9150.557558202727,,,,False,,-6.574096409581515,0,0,0,0,0
184,9199.92004642167,72.68277332070284,-102.68277332070284,50.00157858012254,9200.55913678285,True,-119.0,-96.04412443823121,False,True,-6.638648882471628,0,0,0,0,0
185,9249.92108043002,72.84653155738488,-102.84653155726846,50.001570329583586,9250.560707112432,,,,False,,-7.035209009106115,0,0,0,0,0
186,9299.922122563992,73.00778967689257,-103.00778967689257,50.00156220405021,9300.562269316482,True,-119.0,-96.49638688517065,False,True,-6.51140279172192,0,0,0,0,0
187,9349.923172698573,73.1665476791095,-103.16654767899308,50.001554203517834,9350.56382352,,,,False,,-4.736120889630085,0,0,0,0,0
188,9399.924230708757,73.32280556345358,-103.32280556333717,50.0015463279953,9400.565369847996,True,-119.0,-96.93503680381231,False,True,-6.38776875952486,0,0,0,0,0
189,9449.925296469535,73.47656332957558,-103.47656332945917,50.00153857747726,9450.566908425473,,,,False,,-14.850920760889291,0,0,0,0,0
190,9499.926369855895,73.62782097700983,-103.62782097700983,50.00153095196202,9500.568439377435,True,-173.0,-80.30250891003143,False,True,-23.325312066978398,0,0,0,0,0
191,9549.927450742833,73.77657850563992,-103.77657850563992,50.00152345145802,9550.569962828893,,,,False,,-25.00882761452606,0,0,0,0,0
192,9599.928539005336,73.92283591488376,-103.92283591488376,50.00151607595635,9600.571478904849,True,-173.0,-80.64604533447415,False,True,-23.27679058040961,0,0,0,0,0
193,9649.929634518392,74.06659320439212,-104.06659320439212,50.00150882545818,9650.572987730307,,,,False,,-22.79694405668063,0,0,0,0,0
194,9699.930737156998,74.20785037393216,-104.20785037393216,50.00150169997154,9700.574489430279,True,-173.0,-80.97857781798793,False,True,-23.229272555944235,0,0,0,0,0
195,9749.931846796138,74.3466074229218,-104.3466074229218,50.00149469948546,9750.575984129764,,,,False,,-23.321844985712556,0,0,0,0,0
196,9799.93296331081,74.48286435124464,-104.48286435124464,50.00148782401176,9800.577471953777,True,-173.0,-81.3000379386722,False,True,-23.18282641257244,0,0,0,0,0
197,9849.934086576,74.61662115843501,-104.61662115843501,50.00148107354132,9850.578953027318,,,,False,,-23.15224908575196,0,0,0,0,0
198,9899.9352164667,74.74787784414366,-104.74787784414366,50.001474448076735,9900.580427475394,True,-173.0,-81.6103600181741,False,True,-23.137517825969553,0,0,0,0,0
199,9949.9363528579,74.87663440813776,-104.87663440813776,50.00146794762048,9950.581895423014,,,,False,,-23.030483646543804,0,0,0,0,0
200,9999.937495624592,75.00289085006807,-105.00289085006807,50.00146157217208,10000.583356995186,True,-173.0,-81.90948109036438,False,True,-23.09340975970369,0,0,0,0,0
201,10049.938644641767,75.12664716958534,-105.12664716946892,50.00145532172952,10050.584812316916,,,,False,,-23.418906750505162,0,0,0,0,0
202,10099.939799784413,75.24790336634032,-105.24790336634032,50.001449196294054,10100.58626151321,True,-173.0,-82.19734086993861,False,True,-23.05056249640171,0,0,0,0,0
203,10149.940960927523,75.36665943998378,-105.36665943998378,50.00144319586406,10150.587704709074,,,,False,,-21.726128524564285,0,0,0,0,0
204,10199.942127946086,75.4829153905157,-105.48291539039928,50.001437320443976,10200.589142029517,True,-173.0,-82.47388172176318,False,True,-23.009033668636107,0,0,0,0,0
205,10249.943300715093,75.5966712172376,-105.5966712172376,50.001431570029574,10250.590573599547,,,,False,,-29.47977607163031,0,0,0,0,0
206,10299.944479109534,75.70792692026589,-105.70792692014948,50.00142594462284,10300.59199954417,True,-257.0,-69.74647311258214,False,True,-35.96145380756734,0,0,0,0,0
207,10349.945663004402,75.81668249890208,-105.8166824990185,50.00142044422617,10350.593419988398,,,,False,,-37.27440950756646,0,0,0,0,0
208,10399.946852274685,75.922937953379,-105.922937953379,50.00141506883365,10400.59483505723,True,-257.0,-69.93757385324402,False,True,-35.98536410013499,0,0,0,0,0
209,10449.948046795374,76.02669328299817,-106.02669328299817,50.00140981845116,10450.596244875682,,,,False,,-35.646806702882586,0,0,0,0,0
210,10499.949246441458,76.12794848764315,-106.12794848764315,50.001404693072715,10500.597649568754,True,-257.0,-70.12002759520277,False,True,-36.00792089244038,0,0,0,0,0
211,10549.950451087932,76.22670356708113,-106.22670356708113,50.001399692709064,10550.599049261462,,,,False,,-36.11788456913469,0,0,0,0,0
212,10599.951660609782,76.32295852096286,-106.32295852107927,50.001394817347325,10600.60044407881,True,-257.0,-70.29380005202789,False,True,-36.02915846905138,0,0,0,0,0
213,10649.952874882003,76.41671334940474,-106.41671334928833,50.00139006699914,10650.601834145808,,,,False,,-35.9925673839272,0,0,0,0,0
214,10699.954093779583,76.5079680517083,-106.50796805159189,50.00138544165623,10700.603219587463,True,-257.0,-70.45885855924902,False,True,-36.049109492342865,0,0,0,0,0
215,10749.95531717751,76.59672262775712,-106.59672262787353,50.001380941319724,10750.604600528783,,,,False,,-36.14633202003805,0,0,0,0,0
216,10799.956544950777,76.68297707755119,-106.68297707755119,50.00137656599451,10800.605977094778,True,-257.0,-70.61517208300668,False,True,-36.0678049945445,0,0,0,0,0
217,10849.957776974372,76.76673140085768,-106.76673140074126,50.00137231567422,10850.607349410451,,,,False,,-35.77253779062452,0,0,0,0,0
218,10899.95901312329,76.84798559709452,-106.84798559709452,50.00136819036841,10900.60871760082,True,-257.0,-70.76271122692376,False,True,-36.085274370170765,0,0,0,0,0
219,10949.96025327252,76.92673966637813,-106.92673966649454,50.001364190067804,10950.610081790888,,,,False,,-37.61632805149396,0,0,0,0,0
220,10999.961497297047,77.00299360859208,-107.00299360847566,50.001360314771496,11000.611442105659,True,-296.0,-67.75043861702866,False,True,-39.252554991447,0,0,0,0,0
221,11049.962745071869,77.07674742338713,-107.07674742327072,50.001356564493015,11050.612798670152,,,,False,,-39.84180728437233,0,0,0,0,0
222,11099.963996471972,77.14800111053046,-107.14800111041404,50.00135293921698,11100.614151609368,True,-304.0,-67.34862317438544,False,True,-39.799377936028606,0,0,0,0,0
223,11149.965251372349,77.21675466978922,-107.21675466978922,50.00134943895308,11150.615501048322,,,,False,,-39.77958556012932,0,0,0,0,0
224,11199.966509647986,77.28300810116343,-107.28300810116343,50.001346063694236,11200.616847112016,True,-304.0,-67.45759781037195,False,True,-39.82541029079148,0,0,0,0,0
225,11249.967771173875,77.34676140453666,-107.34676140442025,50.001342813445945,11250.618189925463,,,,False,,-39.84886649117964,0,0,0,0,0
226,11299.969035825012,77.40801457955968,-107.40801457955968,50.001339688211736,11300.619529613674,True,-304.0,-67.5585706593142,False,True,-39.84944392024548,0,0,0,0,0
227,11349.970303476377,77.46676762611605,-107.46676762611605,50.00133668797684,11350.620866301651,,,,False,,-39.84901345209045,0,0,0,0,0
228,11399.971574002971,77.52302054420579,-107.52302054420579,50.00133381276214,11400.622200114414,True,-304.0,-67.65152551857729,False,True,-39.871495025628505,0,0,0,0,0
229,11449.972847279778,77.57677333347965,-107.57677333347965,50.001331062548545,11450.623531176963,,,,False,,-39.917402772493205,0,0,0,0,0
230,11499.974123181788,77.62802599417046,-107.62802599405404,50.00132843734633,11500.62485961431,True,-304.0,-67.73644746366949,False,True,-39.89157853038455,0,0,0,0,0
231,11549.975401583994,77.67677852557972,-107.67677852557972,50.00132593715409,11550.626185551464,,,,False,,-39.77010593094269,0,0,0,0,0
232,11599.976682361385,77.72303092805669,-107.72303092805669,50.00132356197144,11600.627509113436,True,-304.0,-67.81332285255478,False,True,-39.90970807550191,0,0,0,0,0
233,11649.977965388953,77.76678320136853,-107.76678320125211,50.00132131179945,11650.628830425236,,,,False,,-40.52506180961352,0,0,0,0,0
234,11699.979250541684,77.8080353452824,-107.8080353452824,50.00131918663301,11700.630149611869,True,-320.0,-66.92601585927942,False,True,-40.88201948600299,0,0,0,0,0
235,11749.980537694573,77.84678735979833,-107.84678735979833,50.00131718647924,11750.631466798348,,,,False,,-40.34396856911003,0,0,0,0,0
236,11799.981826722607,77.88303924479987,-107.88303924479987,50.001315311332895,11800.63278210968,True,-299.0,-68.26977778174253,False,True,-39.61326146305734,0,0,0,0,0
237,11849.983117500778,77.91679100017063,-107.91679100017063,50.00131356119756,11850.634095670877,,,,False,,-39.46484580178475,0,0,0,0,0
238,11899.984409904077,77.9480426259106,-107.94804262579419,50.001311936071524,11900.63540760695,True,-299.0,-68.32295742697644,False,True,-39.62508519881774,0,0,0,0,0
239,11949.985703807492,77.97679412190337,-107.97679412178695,50.00131043595486,11950.636718042904,,,,False,,-39.67153170571979,0,0,0,0,0
240,11999.986999086013,78.0030454879161,-108.0030454879161,50.00130906084734,12000.638027103752,True,-299.0,-68.3679703412953,False,True,-39.63507514662079,0,0,0,0,0
241,12049.988295614636,78.0267967240652,-108.0267967240652,50.001307810752884,12050.639334914506,,,,False,,-39.62905088622996,0,0,0,0,0
242,12099.989593268343,78.0480478303507,-108.0480478303507,50.00130668566244,12100.640641600168,True,-299.0,-68.40480915134337,False,True,-39.643238679007325,0,0,0,0,0
243,12149.99089192213,78.06679880653974,-108.06679880653974,50.00130568558669,12150.641947285754,,,,False,,-39.64675037677686,0,0,0,0,0
244,12199.992191450983,78.08304965274874,-108.08304965263233,50.001304810515,12200.64325209627,True,-299.0,-68.43346782156495,False,True,-39.64958183106738,0,0,0,0,0
245,12249.993491729898,78.09680036874488,-108.09680036862846,50.001304060459965,12250.64455615673,,,,False,,-39.66195462878404,0,0,0,0,0
246,12299.994792633861,78.10805095452815,-108.10805095452815,50.00130343541076,12300.645859592141,True,-299.0,-68.45394165589573,False,True,-39.65410929863242,0,0,0,0,0
247,12349.996094037859,78.11680141033139,-108.11680141033139,50.00130293536744,12350.647162527508,,,,False,,-39.616050995455524,0,0,0,0,0
248,12399.99739581689,78.12305173580535,-108.12305173580535,50.00130256034259,12400.64846508785,True,-299.0,-68.46622729895975,False,True,-39.656824436845596,0,0,0,0,0
249,12449.998697845938,78.12680193118285,-108.12680193106644,50.00130231031999,12450.64976739817,,,,False,,-39.79775311625218,0,0,0,0,0
250,12500.0,78.12805199623108,-108.12805199623108,50.001302185314145,12500.651069583484,True,-298.0,-68.53781592842618,False,True,-39.590236067804895,0,0,0,0,0
251,12550.00130215406,78.12680193106644,-108.12680193106644,50.001302185312326,12550.652371768796,,,,False,,-38.71721704952314,0,0,0,0,0
252,12600.00260418311,78.12305173568893,-108.12305173580535,50.00130231032181,12600.653674079118,True,-275.0,-70.26530856149967,False,True,-37.85774317430568,0,0,0,0,0
253,12650.00390596214,78.11680141033139,-108.11680141033139,50.00130256034076,12650.654976639458,,,,False,,-37.685381818329596,0,0,0,0,0
254,12700.00520736614,78.10805095452815,-108.10805095452815,50.00130293537108,12700.656279574829,True,-275.0,-70.25237289852204,False,True,-37.85567805600611,0,0,0,0,0
255,12750.006508270104,78.09680036862846,-108.09680036862846,50.00130343541079,12750.65758301024,,,,False,,-37.897650427150516,0,0,0,0,0
256,12800.007808549015,78.08304965263233,-108.08304965263233,50.00130406045633,12800.658887070696,True,-275.0,-70.23081601767188,False,True,-37.85223363496044,0,0,0,0,0
257,12850.009108077871,78.06679880653974,-108.06679880653974,50.001304810518604,12850.660191881216,,,,False,,-37.84740624088738,0,0,0,0,0
258,12900.010406731657,78.0480478303507,-108.0480478303507,50.001305685584875,12900.6614975668,True,-275.0,-70.20064175433454,False,True,-37.847406076016156,0,0,0,0,0
259,12950.011704385366,78.0267967240652,-108.0267967240652,50.00130668566426,12950.662804252464,,,,False,,-37.811297286772756,0,0,0,0,0
260,13000.013000913985,78.0030454879161,-108.0030454879161,50.001307810749246,13000.664112063214,True,-275.0,-70.16185547660157,False,True,-37.841190011314524,0,0,0,0,0
261,13050.014296192507,77.97679412190337,-107.97679412178695,50.00130906084734,13050.665421124062,,,,False,,-37.97284488517898,0,0,0,0,0
262,13100.015590095922,77.94804262579419,-107.94804262579419,50.00131043595493,13100.666731560017,True,-275.0,-70.11446408410113,False,True,-37.83357854169306,0,0,0,0,0
263,13150.01688249922,77.91679100017063,-107.91679100017063,50.001311936071446,13150.668043496089,,,,False,,-37.153709912265825,0,0,0,0,0
264,13200.01817327739,77.88303924479987,-107.88303924479987,50.00131356119756,13200.669357057286,True,-260.0,-71.39902812195427,False,True,-36.4840111228456,0,0,0,0,0
265,13250.019462305429,77.84678735979833,-107.84678735979833,50.00131531133653,13250.670672368622,,,,False,,-36.36503464782242,0,0,0,0,0
266,13300.020749458316,77.80803534516599,-107.8080353452824,50.00131718647751,13300.6719895551,True,-260.0,-71.33203418446833,False,True,-36.47600116081408,0,0,0,0,0
267,13350.022034611047,77.76678320136853,-107.76678320125211,50.00131918663291,13350.673308741732,,,,False,,-36.40957214630225,0,0,0,0,0
268,13400.023317638614,77.72303092805669,-107.72303092805669,50.00132131179763,13400.67463005353,True,-258.0,-71.44952679506002,False,True,-36.27350413299666,0,0,0,0,0
269,13450.024598416005,77.67677852569614,-107.67677852557972,50.00132356197133,13450.675953615502,,,,False,,-36.244969590120206,0,0,0,0,0
270,13500.02587681821,77.62802599417046,-107.62802599405404,50.001325937154206,13500.677279552656,True,-258.0,-71.36431628933344,False,True,-36.2637097047206,0,0,0,0,0
271,13550.027152720222,77.57677333347965,-107.57677333347965,50.00132843734815,13550.678607990005,,,,False,,-36.246142584993564,0,0,0,0,0
272,13600.02842599703,77.52302054420579,-107.52302054420579,50.00133106255036,13600.679939052556,True,-258.0,-71.27019523830367,False,True,-36.25282530590212,0,0,0,0,0
273,13650.029696523621,77.46676762623247,-107.46676762611605,50.001333812758375,13650.681272865315,,,,False,,-36.31979040139015,0,0,0,0,0
274,13700.030964174988,77.40801457967609,-107.40801457955968,50.00133668797866,13700.682609553294,True,-258.0,-71.16718130500182,False,True,-36.24083327455786,0,0,0,0,0
275,13750.032228826123,77.34676140442025,-107.34676140442025,50.0013396882102,13750.683949241504,,,,False,,-35.955392226580045,0,0,0,0,0
276,13800.033490352014,77.28300810116343,-107.28300810116343,50.001342813447614,13800.685292054952,True,-258.0,-71.05529381938963,False,True,-36.2277142817738,0,0,0,0,0
277,13850.034748627651,77.21675466967281,-107.21675466978922,50.001346063694385,13850.686638118646,,,,False,,-37.26399899698174,0,0,0,0,0
278,13900.036003528028,77.14800111041404,-107.14800111041404,50.00134943895308,13900.6879875576,True,-258.0,-70.93455377440729,False,True,-36.21344733600675,0,0,0,0,0
279,13950.03725492813,77.07674742327072,-107.07674742327072,50.00135293921516,13950.689340496814,,,,False,,-30.921463510279025,0,0,0,0,0
280,14000.038502702952,77.00299360859208,-107.00299360847566,50.001356564492845,14000.690697061307,True,-183.0,-81.92773029369751,False,True,-25.075263314778155,0,0,0,0,0
281,14050.03974672748,76.92673966637813,-106.92673966649454,50.001360314773315,14050.69205737608,,,,False,,-22.92083725553564,0,0,0,0,0
282,14100.040986876706,76.84798559709452,-106.84798559709452,50.001364190064166,14100.693421566144,True,-183.0,-81.75052249785317,False,True,-25.097463099241352,0,0,0,0,0
283,14150.042223025626,76.76673140074126,-106.76673140074126,50.001368190370414,14150.694789756515,,,,False,,-30.602540042342966,0,0,0,0,0
284,14200.043455049223,76.68297707755119,-106.68297707755119,50.00137231567584,14200.69616207219,True,-251.0,-71.21031133789015,False,True,-35.47266573966104,0,0,0,0,0
285,14250.044682822492,76.59672262787353,-106.59672262787353,50.00137656599613,14250.697538638187,,,,False,,-36.37459232059269,0,0,0,0,0
286,14300.045906220417,76.5079680517083,-106.50796805159189,50.00138094131811,14300.698919579505,True,-251.0,-71.05147669712336,False,True,-35.456491354468525,0,0,0,0,0
287,14350.047125117997,76.41671334940474,-106.41671334928833,50.00138544165623,14350.70030502116,,,,False,,-35.38750008648965,0,0,0,0,0
288,14400.048339390214,76.32295852107927,-106.32295852107927,50.001390066995285,14400.701695088155,True,-251.0,-70.88375949567339,False,True,-35.439199025405884,0,0,0,0,0
289,14450.049548912068,76.22670356708113,-106.22670356708113,50.00139481735118,14450.703089905506,,,,False,,-34.76219497148242,0,0,0,0,0
290,14500.050753558538,76.12794848764315,-106.12794848764315,50.00139969270543,14500.70448959821,True,-251.0,-70.7071918601457,False,True,-35.420756627497454,0,0,0,0,0
291,14550.051953204626,76.02669328299817,-106.02669328299817,50.00140469307635,14550.705894291286,,,,False,,-38.143295241942475,0,0,0,0,0
292,14600.053147725315,75.922937953379,-105.922937953379,50.00140981845116,14600.707304109737,True,-251.0,-70.52180760972962,False,True,-35.401130343649385,0,0,0,0,0
293,14650.0543369956,75.81668249890208,-105.8166824990185,50.00141506883547,14650.708719178572,,,,False,,-21.731682711018316,0,0,0,0,0
294,14700.055520890464,75.70792692026589,-105.70792692014948,50.00142044422253,14700.710139622795,True,-126.0,-97.51405707976755,False,True,-8.193869840381922,0,0,0,0,0
295,14750.056699284907,75.59667121735401,-105.5966712172376,50.001425944624394,14750.71156556742,,,,False,,-5.728140405969175,0,0,0,0,0
296,14800.057872053912,75.4829153905157,-105.48291539039928,50.00143157002802,14800.712997137449,True,-126.0,-97.20334431473754,False,True,-8.27957107566175,0,0,0,0,0
297,14850.059039072477,75.3666594401002,-105.36665943998378,50.001437320445525,14850.714434457894,,,,False,,-8.188150400894836,0,0,0,0,0
298,14900.060200215587,75.24790336622391,-105.24790336634032,50.00144319586462,14900.715877653758,True,-126.0,-96.87901689267535,False,True,-8.368886473664972,0,0,0,0,0
299,14950.061355358233,75.12664716946892,-105.12664716946892,50.001449196294054,14950.717326850052,,,,False,,-12.546509782755074,0,0,0,0,0
300,15000.062504375406,75.00289085006807,-105.00289085006807,50.00145532172741,15000.71878217178,True,-151.0,-87.89326998653584,False,True,-17.10962086353223,0,0,0,0,0
301,15050.063647142097,74.87663440813776,-104.87663440813776,50.001461572170264,15050.72024374395,,,,False,,-18.058994711179288,0,0,0,0,0
302,15100.064783533298,74.74787784426007,-104.74787784414366,50.001467947622004,15100.721711691573,True,-151.0,-87.56764373058559,False,True,-17.180234113558072,0,0,0,0,0
303,15150.065913424,74.61662115855142,-104.61662115843501,50.001474448078554,15150.72318613965,,,,False,,-17.00359942068871,0,0,0,0,0
304,15200.067036689188,74.48286435124464,-104.48286435124464,50.001481073539814,15200.72466721319,True,-151.0,-87.22971091269885,False,True,-17.253153438545795,0,0,0,0,0
305,15250.068153203862,74.3466074229218,-104.3466074229218,50.00148782401358,15250.726155037204,,,,False,,-17.22733967195169,0,0,0,0,0
306,15300.069262843004,74.20785037393216,-104.20785037393216,50.00149469948728,15300.727649736691,True,-151.0,-86.87952840876649,False,True,-17.32832196516567,0,0,0,0,0
307,15350.070365481606,74.06659320439212,-104.06659320439212,50.0015016999679,15350.729151436659,,,,False,,-17.83202294555788,0,0,0,0,0
308,15400.071460994666,73.92283591488376,-103.92283591488376,50.00150882546182,15400.730660262121,True,-151.0,-86.51715588137857,False,True,-17.40568003350519,0,0,0,0,0
309,15450.072549257166,73.77657850563992,-103.77657850563992,50.001516075952715,15450.732176338073,,,,False,,-14.99492525427239,0,0,0,0,0
310,15500.073630144105,73.62782097712625,-103.62782097700983,50.00152345145949,15500.733699789533,True,-135.0,-91.36016671734049,False,True,-12.267654259669342,0,0,0,0,0
311,15550.074703530463,73.47656332957558,-103.47656332945917,50.001530951960554,15550.735230741493,,,,False,,-11.211540988047393,0,0,0,0,0
312,15600.075769291241,73.32280556345358,-103.32280556333717,50.00153857747726,15600.73676931897,True,-135.0,-90.95169666595838,False,True,-12.37110889737879,0,0,0,0,0
313,15650.076827301427,73.16654767899308,-103.16654767899308,50.00154632799748,15650.738315646968,,,,False,,-15.450792029819485,0,0,0,0,0
314,15700.07787743601,73.00778967689257,-103.00778967689257,50.00155420351929,15700.739869850488,True,-153.0,-84.76997243225318,False,True,-18.237817244639388,0,0,0,0,0
315,15750.078919569978,72.84653155726846,-102.84653155726846,50.001562204046955,15750.741432054534,,,,False,,-18.8094288546392,0,0,0,0,0
316,15800.07995357833,72.68277332070284,-102.68277332070284,50.00157032958502,15800.743002384119,True,-153.0,-84.36262515107393,False,True,-18.320148169628908,0,0,0,0,0
317,15850.08097933605,72.51651496754494,-102.51651496754494,50.00157858012215,15850.744580964241,,,,False,,-18.262558617465114,0,0,0,0,0
318,15900.08199671813,72.34775649814401,-102.34775649814401,50.00158695566732,15900.746167919908,True,-153.0,-83.94354139696246,False,True,-18.40421510118155,0,0,0,0,0
319,15950.083005599565,72.17649791296571,-102.17649791296571,50.00159545621781,15950.747763376126,,,,False,,-18.31385062620032,0,0,0,0,0
320,16000.084005855342,72.00273921259213,-102.00273921247572,50.00160408177125,16000.749367457898,True,-153.0,-83.51280008015578,False,True,-18.489939132319932,0,0,0,0,0
321,16050.084997360455,71.82648039702326,-101.82648039702326,50.00161283233177,16050.75098029023,,,,False,,-19.16490557997632,0,0,0,0,0
322,16100.08597998989,71.64772146719042,-101.64772146719042,50.00162170789152,16100.752601998121,True,-153.0,-83.07048338941159,False,True,-18.57723807777883,0,0,0,0,0
323,16150.086953618644,71.46646242344286,-101.46646242332645,50.00163070846051,16150.754232706582,,,,False,,-15.44012359818471,0,0,0,0,0
324,16200.087918121704,71.282703265897,-101.282703265897,50.00163983403178,16200.755872540614,True,-133.0,-88.92322184502757,False,True,-12.359481420869429,0,0,0,0,0
325,16250.088873374061,71.09644399536774,-101.09644399536774,50.00164908460445,16250.757521625219,,,,False,,-11.889527065687894,0,0,0,0,0
326,16300.08981925071,70.90768461220432,-100.90768461220432,50.00165846018555,16300.759180085404,True,-133.0,-88.4227559062097,False,True,-12.48492870599462,0,0,0,0,0
327,16350.09075562664,70.716425116756,-100.71642511687241,50.00166796076769,16350.760848046171,,,,False,,-12.328213835110548,0,0,0,0,0
328,16400.091682376842,70.52266550983768,-100.52266550983768,50.00167758635439,16400.762525632526,True,-133.0,-87.90977093711494,False,True,-12.612894572722738,0,0,0,0,0
329,16450.0925993763,70.32640579156578,-100.32640579156578,50.001687336937295,16450.764212969465,,,,False,,-14.576705370162562,0,0,0,0,0
330,16500.09350650002,70.12764596263878,-100.12764596263878,50.001697212533536,16500.765910182,True,-145.0,-83.50436058366617,False,True,-16.62328537897261,0,0,0,0,0
331,16550.094403622985,69.92638602352235,-99.92638602340594,50.00170721313026,16550.76761739513,,,,False,,-17.071248126605493,0,0,0,0,0
332,16600.095290620186,69.72262597456574,-99.72262597456574,50.00171733872638,16600.769334733857,True,-145.0,-82.98942603062297,False,True,-16.73319994394278,0,0,0,0,0
333,16650.09616736661,69.51636581646744,-99.51636581646744,50.00172758932175,16650.77106232318,,,,False,,-16.72038547160276,0,0,0,0,0
334,16700.097033737256,69.30760554969311,-99.30760554969311,50.00173796492713,16700.77280028811,True,-145.0,-82.4629957639714,False,True,-16.8446097857217,0,0,0,0,0
335,16750.097889607114,69.0963451747084,-99.0963451747084,50.00174846553192,16750.77454875364,,,,False,,-16.781000108392064,0,0,0,0,0
336,16800.098734851177,68.88258469221182,-98.8825846920954,50.001759091141786,16800.776307844782,True,-145.0,-81.92517288208225,False,True,-16.957411810013156,0,0,0,0,0
337,16850.09956934442,68.66632410255261,-98.66632410243619,50.001769841736206,16850.77807768652,,,,False,,-17.562013529379787,0,0,0,0,0
338,16900.100392961856,68.44756340631284,-98.44756340619642,50.001780717354556,16900.779858403872,True,-145.0,-81.37606457563447,False,True,-17.07149883056195,0,0,0,0,0
339,16950.101205578474,68.22630260395817,-98.22630260395817,50.00179171797121,16950.781650121844,,,,False,,-14.374271077869825,0,0,0,0,0
340,17000.102007069254,68.00254169630352,-98.00254169630352,50.00180284357717,17000.78345296542,True,-128.0,-86.28549378500445,False,True,-11.717047911299076,0,0,0,0,0
341,17050.10279730919,67.77628068358172,-97.77628068358172,50.00181409419046,17050.78526705961,,,,False,,-11.31146519088321,0,0,0,0,0
342,17100.103576173286,67.54751956672408,-97.54751956660766,50.00182546980932,17100.78709252942,True,-128.0,-85.67700218548605,False,True,-11.870517381121616,0,0,0,0,0
343,17150.104343536514,67.31625834596343,-97.31625834596343,50.00183697041595,17150.788929499835,,,,False,,-11.831321554704042,0,0,0,0,0
344,17200.105099273882,67.08249702199828,-97.08249702199828,50.00184859603826,17200.790778095874,True,-128.0,-85.0563704093825,False,True,-12.026126612615784,0,0,0,0,0
345,17250.105843260368,66.84623559541069,-96.84623559541069,50.001860346645884,17250.79263844252,,,,False,,-13.384433940748892,0,0,0,0,0
346,17300.106575370977,66.60747406689916,-96.60747406689916,50.001872222267174,17300.794510664786,True,-136.0,-81.77785103057226,False,True,-14.829623036326893,0,0,0,0,0
347,17350.10729548069,66.36621243692935,-96.36621243692935,50.0018842228787,17350.796394887664,,,,False,,-15.196364341324315,0,0,0,0,0
348,17400.108003464513,66.12245070619974,-96.12245070619974,50.00189634849989,17400.798291236162,True,-136.0,-81.1518367408115,False,True,-14.970613965388239,0,0,0,0,0
349,17450.108699197415,65.87618887540884,-95.87618887517601,50.00190859910256,17450.800199835267,,,,False,,-14.898155378005727,0,0,0,0,0
350,17500.10938255441,65.62742694467306,-95.62742694467306,50.00192097472409,17500.80212080999,True,-136.0,-80.51463112432184,False,True,-15.112795820351224,0,0,0,0,0
351,17550.110053410477,65.37616491515655,-95.37616491515655,50.001933475335356,17550.804054285323,,,,False,,-15.461524690492066,0,0,0,0,0
352,17600.11071164061,65.12240278732497,-95.12240278732497,50.001946100942114,17600.806000386267,True,-136.0,-79.86636654494515,False,True,-15.256036242379821,0,0,0,0,0
353,17650.1113571198,64.8661405617604,-94.8661405617604,50.00195885155147,17650.807959237816,,,,False,,-14.04151263676059,0,0,0,0,0
354,17700.111989723046,64.60737823916133,-94.60737823904492,50.00197172716265,17700.80993096498,True,-128.0,-81.77499543337045,False,True,-12.83238280567447,0,0,0,0,0
355,17750.112609325333,64.34611582010984,-94.34611581999343,50.00198472776757,17750.81191569275,,,,False,,-12.640531915123402,0,0,0,0,0
356,17800.113215801655,64.08235330518801,-94.08235330518801,50.00199785337089,17800.81391354612,True,-128.0,-81.08393000952529,False,True,-12.998423295662718,0,0,0,0,0
357,17850.113809027007,63.81609069532715,-93.81609069532715,50.002011103973594,17850.815924650095,,,,False,,-13.2126504285223,0,0,0,0,0
358,17900.114388876376,63.547327990992926,-93.54732799099293,50.00202447957128,17900.817949129665,True,-128.0,-80.3815787579161,False,True,-13.165749233076824,0,0,0,0,0
359,17950.11495522475,63.276065192883834,-93.27606519288383,50.00203798016192,17950.819987109826,,,,False,,-13.001687144725357,0,0,0,0,0
360,18000.115507947132,63.002302301698364,-93.00230230169836,50.00205160575619,18000.82203871558,True,-128.0,-79.66808707687854,False,True,-13.334215224819829,0,0,0,0,0
361,18050.116046918512,62.72603931813501,-92.72603931813501,50.00206535635028,18050.824104071933,,,,False,,-14.553550428441632,0,0,0,0,0
362,18100.116572013874,62.44727624277584,-92.44727624277584,50.00207923193068,18100.826183303863,True,-135.0,-76.76128658313861,False,True,-15.68598965963723,0,0,0,0,0
363,18150.117083108216,62.16601307655219,-92.16601307643577,50.00209323251216,18150.828276536377,,,,False,,-15.842359260129182,0,0,0,0,0
364,18200.117580076527,61.88224981992971,-91.8822498198133,50.002107358086846,18200.830383894463,True,-135.0,-76.0467264464339,False,True,-15.835523373379402,0,0,0,0,0
365,18250.11806279381,61.595986473490484,-91.5959864736069,50.00212160866844,18250.83250550313,,,,False,,-16.36627867822373,0,0,0,0,0
366,18300.118531135042,61.307223038515076,-91.30722303851508,50.00213598423089,18300.834641487363,True,-135.0,-75.32210884526066,False,True,-15.985114193254418,0,0,0,0,0
367,18350.118984975226,61.01595951535273,-91.0159595151199,50.00215048479821,18350.83679197216,,,,False,,-13.51568493225847,0,0,0,0,0
368,18400.119424189346,60.72219590446912,-90.72219590446912,50.00216511035225,18400.838957082513,True,-119.0,-79.6975783544236,False,True,-11.02461755004552,0,0,0,0,0
369,18450.119848652404,60.42593220702838,-90.42593220702838,50.00217986091033,18450.84113694342,,,,False,,-10.606344563899182,0,0,0,0,0
370,18500.120258239385,60.1271684236126,-90.12716842372902,50.00219473645468,18500.843331679876,True,-119.0,-78.90361812375261,False,True,-11.22355029997641,0,0,0,0,0
371,18550.12065282528,59.8259045551531,-89.82590455503669,50.00220973699306,18550.84554141687,,,,False,,-11.448498356925409,0,0,0,0,0
372,18600.121032285097,59.522140601999126,-89.52214060199913,50.002224862539805,18600.84776627941,True,-119.0,-78.09862298751302,False,True,-11.423517614486101,0,0,0,0,0
373,18650.12139649381,59.215876565198414,-89.21587656519841,50.00224011306418,18650.850006392473,,,,False,,-11.541101891341963,0,0,0,0,0
374,18700.121745326418,58.90711244556587,-88.90711244556587,50.002255488583415,18700.852261881057,True,-119.0,-77.28277296470685,False,True,-11.624339480859021,0,0,0,0,0
375,18750.122078657918,58.59584824368358,-88.59584824368358,50.00227098910452,18750.854532870162,,,,False,,-11.530855429524237,0,0,0,0,0
376,18800.122396363295,58.282083960366435,-88.28208396048285,50.00228661460908,18800.856819484772,True,-119.0,-76.45625663885707,False,True,-11.82582732162578,0,0,0,0,0
377,18850.12269831755,57.96581959654577,-87.96581959654577,50.002302365116535,18850.859121849888,,,,False,,-12.927691309961894,0,0,0,0,0
378,18900.122984395668,57.64705515303649,-87.64705515292007,50.002318240602584,18900.86144009049,True,-125.0,-73.68668986935013,False,True,-13.960365283569942,0,0,0,0,0
379,18950.123254472644,57.32579063018784,-87.32579063018784,50.00233424109113,18950.86377433158,,,,False,,-14.114425136194415,0,0,0,0,0
380,19000.12350842348,57.00202602951322,-87.0020260293968,50.00235036657146,19000.866124698154,True,-125.0,-72.86042898522759,False,True,-14.141597044169217,0,0,0,0,0
381,19050.12374612315,56.67576135112904,-86.67576135112904,50.002366617033545,19050.86849131519,,,,False,,-14.676254955362575,0,0,0,0,0
382,19100.12396744666,56.346996596315876,-86.34699659619946,50.002382992493544,19100.870874307682,True,-125.0,-72.0247829750088,False,True,-14.322213621190656,0,0,0,0,0
383,19150.124172269003,56.0157317656558,-86.01573176553939,50.002399492947724,19150.87327380063,,,,False,,-11.955033999751405,0,0,0,0,0
384,19200.12436046517,55.68196685996372,-85.68196686008014,50.00241611839067,19200.87568991902,True,-110.0,-76.11414578775808,False,True,-9.567821072322062,0,0,0,0,0
385,19250.124531910154,55.345701880403794,-85.3457018804038,50.00243286881848,19250.87812278784,,,,False,,-9.18031005184087,0,0,0,0,0
386,19300.124686478946,55.00693682732526,-85.00693682744168,50.00244974424132,19300.88057253208,True,-110.0,-75.20572377273078,False,True,-9.8012130547109,0,0,0,0,0
387,19350.12482404654,54.665671702008694,-84.66567170212511,50.002466744649006,19350.88303927673,,,,False,,-10.054365365614139,0,0,0,0,0
388,19400.124944487932,54.321906505269,-84.32190650515258,50.00248387005328,19400.885523146782,True,-110.0,-74.28678846626909,False,True,-10.035118038883496,0,0,0,0,0
389,19450.12504767811,53.975641237571836,-83.97564123757184,50.00250112043938,19450.88802426722,,,,False,,-10.11132030577745,0,0,0,0,0
390,19500.125133492074,53.626875900197774,-83.62687590019777,50.00251849582119,19500.89054276304,True,-110.0,-73.35757756459186,False,True,-10.26929833560591,0,0,0,0,0
391,19550.125201804814,53.27561049372889,-83.27561049372889,50.00253599618958,19550.893078759233,,,,False,,-10.41364013784609,0,0,0,0,0
392,19600.12525249132,52.921845019212924,-82.92184501921292,50.002553621542226,19600.895632380776,True,-110.0,-72.41834087461984,False,True,-10.50350414459308,0,0,0,0,0
393,19650.12528542659,52.565579477581196,-82.5655794775812,50.002571371884095,19650.89820375266,,,,False,,-10.552500179983959,0,0,0,0,0
394,19700.12530048561,52.20681386964861,-82.20681386964861,50.00258924720933,19700.900792999866,True,-110.0,-71.4693406559426,False,True,-10.73747321370601,0,0,0,0,0
395,19750.12529754339,51.845548196230084,-81.84554819623008,50.00260724753587,19750.903400247404,,,,False,,-11.099197654246328,0,0,0,0,0
396,19800.125276474908,51.481782458373345,-81.48178245825693,50.002625372839084,19800.906025620243,True,-110.0,-70.51085193851584,False,True,-10.970930519741088,0,0,0,0,0
397,19850.12523715516,51.115516656893305,-81.11551665677689,50.00264362312682,19850.90866924337,,,,False,,-9.87257940664107,0,0,0,0,0
398,19900.125179459144,50.746750792488456,-80.74675079260487,50.00266199840865,19900.91133124178,True,-103.0,-71.96857917759851,False,True,-8.778171615006357,0,0,0,0,0
399,19950.12510326185,50.375484866672195,-80.3754848666722,50.00268049866651,19950.914011740446,,,,False,,-8.661089062072962,0,0,0,0,0
400,20000.125008438274,50.00171887979377,-80.00171887979377,50.00269912392052,20000.916710864367,True,-103.0,-70.96370644962249,False,True,-9.038012430171278,0,0,0,0,0
401,20050.124894863406,49.625452833250165,-79.62545283313375,50.00271787414909,20050.919428738514,,,,False,,-9.238160185266732,0,0,0,0,0
402,20100.124762412248,49.24668672750704,-79.24668672750704,50.00273674937608,20100.92216548789,True,-103.0,-69.94908356473651,False,True,-9.297603162770528,0,0,0,0,0
403,20150.12461095978,48.865420563844964,-78.86542056384496,50.00275574957237,20150.924921237463,,,,False,,-9.393015317326354,0,0,0,0,0
404,20200.124440381012,48.48165434319526,-78.48165434307884,50.00277487476577,20200.92769611223,True,-103.0,-68.92502363201672,False,True,-9.556630711062127,0,0,0,0,0
405,20250.12425055093,48.09538806625642,-78.09538806637283,50.00279412493782,20250.93049023717,,,,False,,-9.752298177629463,0,0,0,0,0
406,20300.124041344527,47.706621734425426,-77.70662173442543,50.002813500093694,20300.933303737263,True,-103.0,-67.89185620513483,False,True,-9.814765529290597,0,0,0,0,0
407,20350.123812636797,47.31535534816794,-77.31535534816794,50.00283300023492,20350.9361367375,,,,False,,-9.625656838420465,0,0,0,0,0
408,20400.123564302732,46.921588908997364,-76.92158890888095,50.00285262535028,20400.93898936285,True,-101.0,-67.53838666964673,False,True,-9.383202239234222,0,0,0,0,0
409,20450.12329621733,46.52532241749577,-76.52532241749577,50.002872375456775,20450.94186173831,,,,False,,-9.33977051585159,0,0,0,0,0
410,20500.123008255596,46.1265558747109,-76.1265558747109,50.00289225055596,20500.944753988864,True,-101.0,-66.47887688454053,False,True,-9.647678990170377,0,0,0,0,0
411,20550.1227002925,45.72528928180691,-75.72528928180691,50.00291225061288,20550.947666239477,,,,False,,-10.194710662262917,0,0,0,0,0
412,20600.122372203055,45.32152263971511,-75.32152263971511,50.00293237566824,20600.950598615145,True,-101.0,-65.4109599325935,False,True,-9.910562707121613,0,0,0,0,0
413,20650.122023862248,44.91525594948325,-74.91525594948325,50.00295262569802,20650.953551240844,,,,False,,-8.063128275547452,0,0,0,0,0
414,20700.12165514507,44.50648921192624,-74.50648921192624,50.002973000709375,20700.956524241552,True,-90.0,-68.27531896527051,False,True,-6.231170246655722,0,0,0,0,0
415,20750.121265926526,44.09522242820822,-74.09522242820822,50.00299350070722,20750.95951774226,,,,False,,-5.983665095578825,0,0,0,0,0
416,20800.1208560816,43.68145559949335,-73.68145559949335,50.00301412567666,20800.962531867935,True,-90.0,-67.14188164628997,False,True,-6.539573953203373,0,0,0,0,0
417,20850.1204254853,43.265188726596534,-73.26518872659653,50.003034875637695,20850.965566743573,,,,False,,-6.812884902682401,0,0,0,0,0
418,20900.119974012603,42.84642181068193,-72.84642181068193,50.00305575056243,20900.968622494136,True,-90.0,-65.99871263020144,False,True,-6.847709180480493,0,0,0,0,0
419,20950.11950153851,42.42515485268086,-72.42515485268086,50.003076750472616,20950.97169924461,,,,False,,-6.926525718752059,0,0,0,0,0
420,21000.11900793802,42.00138785375748,-72.00138785375748,50.00309787536765,21000.974797119976,True,-90.0,-64.84622677465818,False,True,-7.155161079099301,0,0,0,0,0
421,21050.118493086135,41.57512081495952,-71.57512081495952,50.00311912524192,21050.977916245218,,,,False,,-7.489397016237815,0,0,0,0,0
422,21100.11795685783,41.146353737218305,-71.14635373733472,50.00314050008154,21100.9810567453,True,-90.0,-63.68486530944575,False,True,-7.461488427888973,0,0,0,0,0
423,21150.117399128114,40.71508662193082,-70.71508662193082,50.00316199990767,21150.984218745205,,,,False,,-6.78165009613249,0,0,0,0,0
424,21200.116819771978,40.28131946979556,-70.28131946979556,50.00318362471145,21200.987402369916,True,-86.0,-63.98585627231986,False,True,-6.295463197475705,0,0,0,0,0
425,21250.116218664414,39.84505228209309,-69.84505228220951,50.003205374485496,21250.990607744403,,,,False,,-6.656815495534238,0,0,0,0,0
426,21300.11559568042,39.40628505998757,-69.40628505998757,50.003227249241824,21300.993834993646,True,-86.0,-62.78883035205833,False,True,-6.617454707929234,0,0,0,0,0
427,21350.114950694995,38.96501780441031,-68.96501780441031,50.003249248974434,21350.99708424262,,,,False,,-5.08254095793664,0,0,0,0,0
428,21400.114283583134,38.52125051652547,-68.52125051640905,50.00327137368767,21401.000355616306,True,-77.0,-65.04822647896295,False,True,-3.473024037446109,0,0,0,0,0
429,21450.113594219823,38.07498319738079,-68.07498319738079,50.003293623363554,21451.00364923967,,,,False,,-3.288740786541503,0,0,0,0,0
430,21500.11288248006,37.62621584814042,-67.62621584814042,50.00331599802044,21501.006965237688,True,-77.0,-63.79692927867059,False,True,-3.8292865694698293,0,0,0,0,0
431,21550.112148238848,37.17494846996851,-67.17494846996851,50.00333849765383,21551.01030373534,,,,False,,-4.107091919741732,0,0,0,0,0
432,21600.111391371174,36.72118106414564,-66.72118106402922,50.00336112225609,21601.013664857597,True,-77.0,-62.53501154026997,False,True,-4.186169523759254,0,0,0,0,0
433,21650.110611752036,36.264913631486706,-66.26491363137029,50.003383871835794,21651.017048729434,,,,False,,-4.329350211921892,0,0,0,0,0
434,21700.109809256428,35.80614617315587,-65.80614617327228,50.00340674638733,21701.02045547582,True,-77.0,-61.262990935544714,False,True,-4.543155237727568,0,0,0,0,0
435,21750.108983759354,35.344878690550104,-65.3448786905501,50.003429745919746,21751.02388522174,,,,False,,-4.763437233796075,0,0,0,0,0
436,21800.108135135797,34.881111184717156,-64.88111118471716,50.00345287041129,21801.027338092154,True,-77.0,-59.98142725858088,False,True,-4.899683926136277,0,0,0,0,0
437,21850.107263260765,34.41484365670476,-64.41484365670476,50.00347611988882,21851.03081421204,,,,False,,-4.897261543454552,0,0,0,0,0
438,21900.10636800924,33.9460761079099,-63.94607610779349,50.003499494323684,21901.034313706365,True,-76.0,-59.0746608759352,False,True,-4.871415231858286,0,0,0,0,0
439,21950.105449256225,33.47480853914749,-63.47480853914749,50.0035229937366,21951.0378367001,,,,False,,-4.961082766799842,0,0,0,0,0
440,22000.104506876723,33.00104095193092,-63.0010409518145,50.00354661812904,22001.04138331823,True,-76.0,-57.77094742810399,False,True,-5.230093523710515,0,0,0,0,0
441,22050.103540745724,32.52477334730793,-62.52477334730793,50.00357036748242,22051.044953685712,,,,False,,-5.611055382831346,0,0,0,0,0
442,22100.10255073821,32.04600572644267,-62.04600572632626,50.00359424179941,22101.048547927512,True,-76.0,-56.45920708266282,False,True,-5.586798643663435,0,0,0,0,0
443,22150.1015367292,31.56473809061572,-61.564738090499304,50.00361824109876,22151.05216616861,,,,False,,-4.806256760211392,0,0,0,0,0
444,22200.100498593674,31.080970440991223,-61.08097044087481,50.00364236536133,22201.055808533973,True,-71.0,-57.048417055640996,False,True,-4.032553385233811,0,0,0,0,0
445,22250.09943620664,30.59470277861692,-60.59470277861692,50.00366661460131,22251.059475148573,,,,False,,-4.024597941098742,0,0,0,0,0
446,22300.098349443084,30.10593510500621,-60.10593510500621,50.0036909887945,22301.063166137366,True,-71.0,-55.69568237514811,False,True,-4.410252729858101,0,0,0,0,0
447,22350.09723817801,29.614667421206832,-59.61466742120683,50.00371548796806,22351.066881625335,,,,False,,-4.665030431083824,0,0,0,0,0
448,22400.0961022864,29.120899728499353,-59.12089972849935,50.00374011209634,22401.07062173743,True,-71.0,-54.33480737375526,False,True,-4.786092354744092,0,0,0,0,0
449,22450.09494164327,28.624632028047927,-58.62463202816434,50.003764861209234,22451.07438659864,,,,False,,-4.903744944258177,0,0,0,0,0
450,22500.0937561236,28.125864321249537,-58.12586432124954,50.00378973526998,22501.07817633391,True,-71.0,-52.96663777479602,False,True,-5.159226546453517,0,0,0,0,0
451,22550.092545602398,27.624596609151922,-57.62459660915192,50.00381473431462,22551.081991068226,,,,False,,-5.555156214507508,0,0,0,0,0
452,22600.091309954656,27.120828893152066,-57.12082889303565,50.00383985831613,22601.085830926542,True,-71.0,-51.5920849694464,False,True,-5.5287439235892535,0,0,0,0,0
453,22650.090049055365,26.614561174530536,-56.61456117441412,50.00386510727541,22651.089696033818,,,,False,,-4.703059238621847,0,0,0,0,0
454,22700.088762779535,26.10579345433507,-56.105793454218656,50.00389048121852,22701.093586515035,True,-66.0,-52.09577429266602,False,True,-4.010019161552634,0,0,0,0,0
455,22750.087451002153,25.594525733962655,-55.594525733962655,50.00391598011382,22751.097502495148,,,,False,,-4.251745496970062,0,0,0,0,0
456,22800.086113598212,25.08075801481027,-55.08075801481027,50.00394160396808,22801.101444099117,True,-66.0,-50.67842619180753,False,True,-4.40233182300274,0,0,0,0,0
457,22850.084750442722,24.564490298042074,-54.564490298042074,50.00396735280033,22851.105411451917,,,,False,,-3.4721158768118707,0,0,0,0,0
458,22900.083361410667,24.04572258493863,-54.04572258493863,50.003993226583525,22901.1094046785,True,-60.0,-51.601282326789736,False,True,-2.4444402581488944,0,0,0,0,0
459,22950.081946377057,23.52445487678051,-53.52445487678051,50.004019225342745,22951.113423903844,,,,False,,-2.403360849641769,0,0,0,0,0
460,23000.08050521687,23.00068717508111,-53.000687174964696,50.0040453490412,23001.117469252884,True,-60.0,-50.1379053721304,False,True,-2.8627818028342986,0,0,0,0,0
461,23050.079037805117,22.474419480888173,-52.47441948088817,50.004071597719744,23051.121540850603,,,,False,,-3.1329395227424133,0,0,0,0,0
462,23100.0775440168,21.94565179559868,-51.94565179559868,50.00409797136344,23101.125638821966,True,-60.0,-48.666100636243975,False,True,-3.2795511593547033,0,0,0,0,0
463,23150.076023726902,21.41438412060961,-51.41438412060961,50.00412446995246,23151.12976329192,,,,False,,-3.4913358067560796,0,0,0,0,0
464,23200.074476810427,20.88061645720154,-50.880616457085125,50.00415109350949,23201.133914385427,True,-60.0,-47.187076866641036,False,True,-3.6935395904440895,0,0,0,0,0
465,23250.072903142376,20.34434880653862,-50.344348806655034,50.00417784203044,23251.13809222746,,,,False,,-3.8201287711437932,0,0,0,0,0
466,23300.071302597746,19.805581170367077,-49.80558117036708,50.00420471550758,23301.142296942966,True,-60.0,-45.70215805128937,False,True,-4.1034231190777035,0,0,0,0,0
467,23350.069675051524,19.264313549618237,-49.26431354961824,50.0042317139383,23351.146528656904,,,,False,,-4.617830504962492,0,0,0,0,0
468,23400.06802037872,18.720545945921913,-48.72054594592191,50.00425883733521,23401.15078749424,True,-60.0,-44.21278825392787,False,True,-4.507757691994044,0,0,0,0,0
469,23450.066338454322,18.17427836044226,-48.17427836044226,50.00428608568489,23451.155073579925,,,,False,,-3.152473921207358,0,0,0,0,0
470,23500.064629153338,17.625510794692673,-47.62551079469267,50.00431345899753,23501.159387038922,True,-52.0,-45.82481134217799,False,True,-1.800699452514685,0,0,0,0,0
471,23550.062892350757,17.07424325007014,-47.074243249953724,50.004340957261974,23551.163727996183,,,,False,,-1.7028616776942702,0,0,0,0,0
472,23600.06112792158,16.520475727738813,-46.52047572773881,50.00436858048509,23601.168096576668,True,-52.0,-44.27371023062772,False,True,-2.2467654971110917,0,0,0,0,0
473,23650.059335740807,15.96420822921209,-45.96420822921209,50.00439632866648,23651.172492905334,,,,False,,-2.5499808569344107,0,0,0,0,0
474,23700.05751568343,15.405440755886957,-45.40544075588696,50.004424201799516,23701.176917107136,False,-43.0,,True,False,-2.5117603779639035,0,0,0,0,0
475,23750.055667624452,14.844173309393227,-44.84417330927681,50.00445219988476,23751.18136930702,,,,False,,-2.2267773496568446,0,0,0,0,0
476,23800.05379143887,14.280405890545808,-44.28040589054581,50.004480322934896,23801.185849629957,False,-43.0,,True,False,-1.789705061470512,0,0,0,0,0
477,23850.051887001682,13.714138501440175,-43.71413850132376,50.00450857092982,23851.190358200885,,,,False,,-1.2952168028621809,0,0,0,0,0
478,23900.04995418788,13.145371142891236,-43.14537114277482,50.00453694388159,23901.194895144767,False,-43.0,,True,False,-0.8379858632891286,0,0,0,0,0
479,23950.047992872478,12.57410381664522,-42.57410381664522,50.00456544179078,23951.19946058656,,,,False,,-0.5126855322086317,0,0,0,0,0
480,24000.046002930463,12.000336524099112,-42.00033652409911,50.00459406464939,24001.204054651207,True,-43.0,-41.586347425021145,False,True,-0.4139890990779662,0,0,0,0,0
481,24050.043984236836,11.42406926676631,-41.424069266649894,50.004622812458926,24051.208677463666,,,,False,,-0.5885255494529508,0,0,0,0,0
482,24100.041936666592,10.845302045810968,-40.84530204581097,50.00465168521936,24101.213329148886,True,-43.0,-39.954555392527396,False,True,-0.8907466532835713,0,0,0,0,0
483,24150.03986009473,10.264034862979315,-40.2640348628629,50.00468068292984,24151.218009831817,,,,False,,-1.1600726829354897,0,0,0,0,0
484,24200.03775439626,9.680267719551921,-39.680267719435506,50.004709805602204,24201.22271963742,True,-43.0,-38.3122925833926,False,True,-1.367975136042908,0,0,0,0,0
485,24250.035619446167,9.094000617042184,-39.094000617042184,50.00473905320918,24251.227458690628,,,,False,,-1.5189383165571622,0,0,0,0,0
486,24300.033455119454,8.505233556847088,-38.50523355684709,50.004768425773996,24301.2322271164,False,-28.0,,True,False,-1.6174465284295887,0,0,0,0,0
487,24350.031261291115,7.913966540596448,-37.91396654059645,50.004797923279334,24351.23702503968,,,,False,,-1.667984075611524,0,0,0,0,0
488,24400.029037836175,7.320199569570832,-37.32019956957083,50.00482754576348,24401.241852585445,False,-23.0,,True,False,-1.6750352620543045,0,0,0,0,0
489,24450.02678462959,6.72393264551647,-36.723932645400055,50.00485729314723,24451.246709878593,,,,False,,-1.6430843917092663,0,0,0,0,0
490,24500.024501546395,6.1251657695975155,-36.125165769597515,50.004887165518454,24501.251597044113,False,-23.0,,True,False,-1.5766157685277455,0,0,0,0,0
491,24550.022188461568,5.523898943560198,-35.52389894344378,50.00491716281435,24551.25651420693,,,,False,,-1.4801136964610788,0,0,0,0,0
492,24600.019845250124,4.920132168801501,-34.920132168685086,50.00494728507308,24601.261461492002,False,-23.0,,True,False,-1.3580624794606022,0,0,0,0,0
493,24650.017471787054,4.313865446834825,-34.313865446834825,50.004977532266466,24651.266439024268,,,,False,,-1.2149464214776522,0,0,0,0,0
494,24700.015067947355,3.705098779289983,-33.70509877917357,50.00500790440641,24701.271446928673,False,-23.0,,True,False,-1.0552498264635657,0,0,0,0,0
495,24750.012633606028,3.0938321674475446,-33.09383216733113,50.00503840149245,24751.276485330167,,,,False,,-0.8834569983696781,0,0,0,0,0
496,24800.01016863808,2.480065613053739,-32.48006561305374,50.00506902352793,24801.281554353696,False,-23.0,,True,False,-0.704052241147326,0,0,0,0,0
497,24850.007672918502,1.8637991176219657,-31.86379911750555,50.00509977050055,24851.286654124197,,,,False,,-0.5215198587478458,0,0,0,0,0
498,24900.005146322295,1.245032682432793,-31.24503268254921,50.005130642418685,24901.291784766614,False,-23.0,,True,False,-0.3403441551225739,0,0,0,0,0
499,24950.002588724463,0.6237663094652817,-30.62376630946528,50.00516163928042,24951.296946405895,,,,False,,-0.1650094342228465,0,0,0,0,0
500,25000.0,-1.1641532182693481e-10,-30.0,50.00519276108236,25001.30213916698,False,-10.0,,True,False,0.0,0,0,0,0,0
